SET FOREIGN_KEY_CHECKS=0;
SET SQL_MODE = "NO_AUTO_VALUE_ON_ZERO";
START TRANSACTION;
SET time_zone = "+00:00";

/*!40101 SET @OLD_CHARACTER_SET_CLIENT=@@CHARACTER_SET_CLIENT */;
/*!40101 SET @OLD_CHARACTER_SET_RESULTS=@@CHARACTER_SET_RESULTS */;
/*!40101 SET @OLD_COLLATION_CONNECTION=@@COLLATION_CONNECTION */;
/*!40101 SET NAMES utf8mb4 */;


DROP TABLE IF EXISTS cbt_jawaban;
CREATE TABLE cbt_jawaban (
  jawaban_id bigint(20) UNSIGNED NOT NULL,
  jawaban_soal_id bigint(20) UNSIGNED NOT NULL,
  jawaban_detail text COLLATE utf8_unicode_ci NOT NULL,
  jawaban_benar tinyint(1) NOT NULL DEFAULT '0',
  jawaban_aktif tinyint(1) NOT NULL DEFAULT '0'
) ENGINE=InnoDB DEFAULT CHARSET=utf8 COLLATE=utf8_unicode_ci;

INSERT INTO cbt_jawaban (jawaban_id, jawaban_soal_id, jawaban_detail, jawaban_benar, jawaban_aktif) VALUES
(81, 24, '<p>5,74%</p>\r\n', 1, 1),
(82, 24, '5,83%', 0, 1),
(83, 24, '<p>5,94%</p>\r\n', 0, 1),
(84, 24, '6,00%', 0, 1),
(85, 24, '6,08%', 0, 1),
(86, 25, '<p>8,48%</p>\r\n', 1, 1),
(87, 25, '8,72%', 0, 1),
(88, 25, '8,95%', 0, 1),
(89, 25, '<p>9,10%</p>\r\n', 0, 1),
(90, 25, '9,32%', 0, 1),
(91, 26, '95', 1, 1),
(92, 26, '87', 0, 1),
(93, 26, '80', 0, 1),
(94, 26, '72', 0, 1),
(95, 26, '65', 0, 1),
(96, 27, '<p>n i</p>\r\n', 1, 1),
(97, 27, ' i a ̈_¯(├ n┤| )  ', 0, 1),
(98, 27, '<p>d a ̈_&macr;(├ n┤| )</p>\r\n', 0, 1),
(99, 27, ' s ̈_¯(├ n┤| )-n', 0, 1),
(100, 27, ' n-a ̈_¯(├ n┤| )', 0, 1),
(101, 28, '<p>14,70</p>\r\n', 1, 1),
(102, 28, '15,86', 0, 1),
(103, 28, '16,78', 0, 1),
(104, 28, '17,91', 0, 1),
(105, 28, '<p>18,88</p>\r\n', 0, 1),
(106, 29, '<p>10,5%</p>\r\n', 1, 1),
(107, 29, '11,0%', 0, 1),
(108, 29, '11,5%', 0, 1),
(109, 29, '<p>12,0%</p>\r\n', 0, 1),
(110, 29, '12,5%', 0, 1),
(111, 30, '<p>7500</p>\r\n', 1, 1),
(112, 30, '7800', 0, 1),
(113, 30, '8000', 0, 1),
(114, 30, '8200', 0, 1),
(115, 30, '8500', 0, 1),
(116, 31, '130', 1, 1),
(117, 31, '134', 0, 1),
(118, 31, '138', 0, 1),
(119, 31, '142', 0, 1),
(120, 31, '146', 0, 1),
(121, 32, '<p>1495</p>\r\n', 1, 1),
(122, 32, '1517', 0, 1),
(123, 32, '1541', 0, 1),
(124, 32, '<p>1587</p>\r\n', 0, 1),
(125, 32, '1600', 0, 1),
(126, 33, '<p>Lebih besar atau sama dengan 1.000, tapi kurang dari 1.250</p>\r\n', 1, 1),
(127, 33, 'Lebih besar atau sama dengan 1.250, tapi kurang dari 1.500', 0, 1),
(128, 33, 'Lebih besar atau sama dengan 1.500, tapi kurang dari 1.750', 0, 1),
(129, 33, 'Lebih besar atau sama dengan 1.750, tapi kurang dari 2.000', 0, 1),
(130, 33, '<p>Tidak ada jawaban yang benar diatas</p>\r\n', 0, 1),
(131, 34, '943', 1, 1),
(132, 34, '955', 0, 1),
(133, 34, '982', 0, 1),
(134, 34, '1000', 0, 1),
(135, 34, '1050', 0, 1),
(136, 35, '<p>D_1 dan D_2 memiliki tanda yang sama dan |D_1 |&gt;|D_2 |.</p>\r\n', 1, 1),
(137, 35, '<p>D_1 dan D_2 memiliki tanda yang sama dan |D_1 |&lt;|D_2 |.</p>\r\n', 0, 1),
(138, 35, ' D_1 dan D_2 memiliki tanda yang berbeda dan |D_1 |&gt;|D_2 |.', 0, 1),
(139, 35, ' D_1 dan D_2 memiliki tanda yang berbeda dan |D_1 |&lt;|D_2 |.', 0, 1),
(140, 35, 'e. Jawaban bergantung pada tingkat imbal hasil mula-mula (yield rate) dan/atau tingkat kupon.', 0, 1),
(141, 23, '<p>0</p>\r\n', 1, 1),
(142, 23, '<p>1</p>\r\n', 0, 1),
(143, 23, '<p>2</p>\r\n', 0, 1),
(144, 23, '<p>4</p>\r\n', 0, 1),
(145, 23, '<p>3</p>\r\n', 0, 1),
(146, 42, 'Cisco Packet Tracer', 1, 1),
(147, 42, 'Microsoft Word', 0, 1),
(148, 42, 'Microsoft Excel', 0, 1),
(149, 42, 'Google Chome', 0, 1),
(150, 42, 'Mozilla Firefox', 0, 1),
(151, 43, 'benar', 1, 1),
(152, 43, 'Salah', 0, 1),
(153, 43, 'salah', 0, 1),
(154, 43, 'salah', 0, 1),
(155, 43, 'salah', 0, 1),
(156, 44, 'ping', 0, 1),
(157, 44, 'ipconfig', 0, 1),
(158, 44, 'cek ip', 0, 1),
(159, 44, 'show ip', 1, 1),
(160, 44, 'list', 0, 1),
(161, 45, 'Host tujuan berjalan normal', 0, 1),
(162, 45, 'Host tujuan tidak bisa dihubungi', 1, 1),
(163, 45, 'Host tujuan mengalami gangguan monitor', 0, 1),
(164, 45, 'Host tujuan terinfeksi virus', 0, 1),
(165, 45, 'Host tujuan hidup', 0, 1),
(166, 46, '32bit', 0, 1),
(167, 46, '64bit', 0, 1),
(168, 46, '96bit', 0, 1),
(169, 46, '128bit', 1, 1),
(170, 46, '256bit', 0, 1),
(171, 47, '32bit', 0, 1),
(172, 47, '64bit', 0, 1),
(173, 47, '96bit', 0, 1),
(174, 47, '128bit', 1, 1),
(175, 47, '256bit', 0, 1),
(176, 48, 'Datalink', 0, 1),
(177, 48, 'Network', 1, 1),
(178, 48, 'Transport', 0, 1),
(179, 48, 'Application', 0, 1),
(180, 48, 'Presentation', 0, 1),
(181, 49, 'IP Address', 0, 1),
(182, 49, 'Source Address', 0, 1),
(183, 49, 'Mac Address', 1, 1),
(184, 49, 'Device IP', 0, 1),
(185, 49, 'Hard IP', 0, 1),
(186, 50, 'ping', 1, 1),
(187, 50, 'ipconfig', 0, 1),
(188, 50, 'ipconfig /all', 0, 1),
(189, 50, 'route', 0, 1),
(190, 50, 'netsh', 0, 1),
(191, 51, '255.255.0.0', 0, 1),
(192, 51, '255.255.255.0', 0, 1),
(193, 51, '255.0.0.0', 1, 1),
(194, 51, '255.0.255.0', 0, 1),
(195, 51, '255.255.0.255', 0, 1),
(196, 52, '255.255.0.0', 0, 1),
(197, 52, '255.255.255.0', 1, 1),
(198, 52, '255.0.0.0', 0, 1),
(199, 52, '255.0.255.0', 0, 1),
(200, 52, '255.255.0.255', 0, 1),
(201, 53, 'A', 1, 1),
(202, 53, 'B', 0, 1),
(203, 53, 'C', 0, 1),
(204, 53, 'D', 0, 1),
(205, 53, 'E', 0, 1),
(326, 84, '<p>gus diur</p>\r\n', 0, 1),
(327, 84, '<p>jokowi</p>\r\n', 1, 1),
(328, 84, '<p>habibi</p>\r\n', 0, 1),
(1435, 325, 'elastisitas harga = 0.2 dan elastisitias silang = - 0.2. ', 0, 1),
(1436, 325, 'elastisitas harga = 0.15 dan elastisitias silang = - 0.4. ', 0, 1),
(1437, 325, 'elastisitas harga = - 0.2 dan elastisitias silang = 0.2. ', 1, 1),
(1438, 325, 'elastisitas harga = - 0.2 dan elastisitias silang = - 0.34 ', 0, 1),
(1439, 325, 'elastisitas harga = 0.15 dan elastisitias silang = 0.27. ', 0, 1),
(1440, 326, 'elastisitas harga = 0.21 dan elastisitias silang = - 0.5. ', 0, 1),
(1441, 326, 'elastisitas harga = - 0.5 dan elastisitias silang = 0.25. ', 1, 1),
(1442, 326, 'elastisitas harga = - 0.17 dan elastisitias silang = 0.41. ', 0, 1),
(1443, 326, 'elastisitas harga = - 0.32 dan elastisitias silang = - 0.34. ', 0, 1),
(1444, 326, 'elastisitas harga = 0.5 dan elastisitias silang = - 0.24. ', 0, 1),
(1445, 327, 'free-rider cost. ', 0, 1),
(1446, 327, 'externality cost. ', 0, 1),
(1447, 327, 'disutility cost. ', 0, 1),
(1448, 327, 'spillover cost. ', 1, 1),
(1449, 328, 'pasar polypoly. ', 1, 1),
(1450, 328, 'pasar monopoly. ', 0, 1),
(1451, 328, 'pasar oligopoly. ', 0, 1),
(1452, 328, 'pasar monology. ', 0, 1),
(1453, 328, 'pasar multisony. ', 0, 1),
(1454, 329, 'P = 4.62 dan Q = 2500 juta gantang.. ', 0, 1),
(1455, 329, 'P = 3.78 dan Q = 1825 juta gantang.. ', 0, 1),
(1456, 329, 'P = 5.00 dan Q = 2018 juta gantang.. ', 0, 1),
(1457, 329, 'P = 3.06 dan Q = 2578 juta gantang. ', 1, 1),
(1458, 329, 'P = 2.33 dan Q = 3003 juta gantang.. ', 0, 1),
(1459, 330, '83', 0, 1),
(1460, 330, '97', 0, 1),
(1461, 330, '100', 1, 1),
(1462, 330, '127', 0, 1),
(1463, 330, '131', 0, 1),
(1464, 331, 'autonomy. ', 0, 1),
(1465, 331, 'autarky. ', 1, 1),
(1466, 331, 'freedom of trade. ', 0, 1),
(1467, 331, 'autenacity. ', 0, 1),
(1468, 331, 'trade barrier. ', 0, 1),
(1469, 332, 'price = 1,5. ', 0, 1),
(1470, 332, 'price = 1. ', 1, 1),
(1471, 332, 'price = 0,96. ', 0, 1),
(1472, 332, 'price = 1,07. ', 0, 1),
(1473, 332, 'price = 2. ', 0, 1),
(1474, 333, '15 scoops. ', 1, 1),
(1475, 333, '10 scoops. ', 0, 1),
(1476, 333, '12 scoops. ', 0, 1),
(1477, 333, '7 scoops. ', 0, 1),
(1478, 333, '9 scoops. ', 0, 1),
(1479, 334, 'normal goods. ', 0, 1),
(1480, 334, 'giffen goods. ', 0, 1),
(1481, 334, 'ordinary goods. ', 1, 1),
(1482, 334, 'complement goods. ', 0, 1),
(1483, 334, 'substitute goods. ', 0, 1),
(1484, 335, 'tingkat upah akan tetap konstan, tetapi penyerapan tenaga kerja akan meningkat. ', 0, 1),
(1485, 335, 'tingkat upah akan turun, tetapi penyerapan tenaga kerja akan meningkat. ', 0, 1),
(1486, 335, 'tingkat upah akan naik, tetapi penyerapan tenaga kerja akan mengalami penurunan. ', 0, 1),
(1487, 335, 'keduanya akan meningkat. ', 1, 1),
(1488, 335, 'keduanya akan menurun. ', 0, 1),
(1489, 336, 'harga tertinggi karena menetapkan harga jual di bawah harga keseimbangan pasar. ', 1, 1),
(1490, 336, 'harga tertinggi karena menetapkan harga jual di atas harga keseimbangan pasar. ', 0, 1),
(1491, 336, 'harga terendah karena menetapkan harga jual di bawah harga keseimbangan pasar. ', 0, 1),
(1492, 336, 'harga terendah karena menetapkan harga jual di atas harga keseimbangan pasar. ', 0, 1),
(1493, 336, 'harga wajar karena menetapkan harga jual dalam rentang 15%. ', 0, 1),
(1494, 337, 'produksi dan konsumsi. ', 1, 1),
(1495, 337, 'penyimpanan dan distribusi. ', 0, 1),
(1496, 337, 'distribusi. ', 0, 1),
(1497, 337, 'pemasaran dan penjualan. ', 0, 1),
(1498, 337, 'keramahannya pada lingkungan. ', 0, 1),
(1499, 338, '9', 0, 1),
(1500, 338, '47', 0, 1),
(1501, 338, '81', 0, 1),
(1502, 338, '33', 0, 1),
(1503, 338, '66', 1, 1),
(1504, 339, 'private goods. ', 0, 1),
(1505, 339, 'club goods. ', 0, 1),
(1506, 339, 'public goods. ', 1, 1),
(1507, 339, 'common goods. ', 0, 1),
(1508, 339, 'free goods. ', 0, 1),
(1509, 340, 'konstan. ', 0, 1),
(1510, 340, 'meningkat. ', 1, 1),
(1511, 340, 'menurun. ', 0, 1),
(1512, 340, 'awalnya meningkat kemudian menurun. ', 0, 1),
(1513, 340, 'awalnya menurun kemudian meningkat. ', 0, 1),
(1514, 341, '', 0, 1),
(1515, 341, '', 0, 1),
(1516, 341, '', 0, 1),
(1517, 341, '', 0, 1),
(1518, 341, '', 1, 1),
(1519, 342, 'keuntungan normal bagi semua perusahaan anggota kartel. ', 0, 1),
(1520, 342, 'adanya insentif bagi perusahaan anggota kartel untuk menyurangi (cheat) kesepakatan<br />kartel.', 1, 1),
(1521, 342, 'maksimalisasi keuntungan oleh masing-masing perusahaan anggota kartel. ', 0, 1),
(1522, 342, 'alokasi biaya yang efisien. ', 0, 1),
(1523, 342, 'harga produk yang kompetitif sempurna. ', 0, 1),
(1524, 343, 'marginal social cost lebih besar dari marginal social benefit. ', 0, 1),
(1525, 343, 'masyarakat memproduksi terlalu banyak barang tersebut. ', 0, 1),
(1526, 343, 'manfaat privat (private benefits) dari mengkonsumsi barang tersebut lebih besar dari<br />manfaat sosial (social benefits).', 0, 1),
(1527, 343, 'kelebihan produksi akan selalu terjadi tanpa campur tangan pemerintah. ', 0, 1),
(1528, 343, 'marginal social benefit lebih besar dari marginal social cost. ', 1, 1),
(1529, 344, '8', 1, 1),
(1530, 344, '0\'', 0, 1),
(1531, 344, '0,2', 0, 1),
(1532, 344, '-8', 0, 1),
(1533, 344, '-10', 0, 1),
(1534, 345, '3.000 Triliun.', 0, 1),
(1535, 345, '3.250 Triliun. ', 0, 1),
(1536, 345, '2.380 Triliun. ', 1, 1),
(1537, 345, '2.850 Triliun. ', 0, 1),
(1538, 345, '2.930 Triliun. ', 0, 1),
(1539, 346, 'Kesenjangan Deflasi Rp. 30 Triliun.', 1, 1),
(1540, 346, 'Kesenjangan Inflasi Rp. 25 Triliun. ', 0, 1),
(1541, 346, 'Rp. 0 Triliun. ', 0, 1),
(1542, 346, 'Kesenjangan Inflasi Rp. 50 Triliun. ', 0, 1),
(1543, 346, 'kesenjangan Deflasi Rp. 15 Triliun. ', 0, 1),
(1544, 347, 'Rp. 2.790 Triliun. ', 0, 1),
(1545, 347, 'Rp. 1.350 Triliun. ', 1, 1),
(1546, 347, 'Rp. 2.350 Triliun. ', 0, 1),
(1547, 347, 'Rp. 1.550 Triliun. ', 0, 1),
(1548, 347, 'Rp. 1.900 Triliun. ', 0, 1),
(1549, 348, '0,5. ', 0, 1),
(1550, 348, '0,8. ', 0, 1),
(1551, 348, '0,7. ', 0, 1),
(1552, 348, '0,2. ', 0, 1),
(1553, 348, '0,3. ', 1, 1),
(1554, 349, 'konsumsi naik lebih besar dari Rp. X. ', 0, 1),
(1555, 349, 'tabungan naik kurang dari Rp. X. ', 1, 1),
(1556, 349, 'tabungan naik sebesar Rp. X. ', 0, 1),
(1557, 349, 'tabungan tidak mengalami perubahan. ', 0, 1),
(1558, 349, 'tabungan berkurang lebih besar dari Rp. X. ', 0, 1),
(1559, 350, 'demand pull inflation. ', 0, 1),
(1560, 350, 'cost push inflation. ', 1, 1),
(1561, 350, 'domestic inflation. ', 0, 1),
(1562, 350, 'imported inflation. ', 0, 1),
(1563, 350, 'currency inflation. ', 0, 1),
(1564, 351, 'menaikkan suku bunga dan membatasi kredit. ', 0, 1),
(1565, 351, 'mengurangi penawaran uang. ', 0, 1),
(1566, 351, 'menaikkan upah minimum regional (UMR). ', 0, 1),
(1567, 351, 'mengurangi jumlah pengangguran. ', 1, 1),
(1568, 351, 'mengurangi beban utang pemerintah. ', 0, 1),
(1569, 352, 'creeping inflation. ', 0, 1),
(1570, 352, 'galloping inflation. ', 0, 1),
(1571, 352, 'high inflation. ', 0, 1),
(1572, 352, 'moderate inflation. ', 1, 1),
(1573, 352, 'hyper inflation. ', 0, 1),
(1574, 353, 'meningkatnya penjualan Surat Utang Negara (SUN). ', 0, 1),
(1575, 353, 'mengurangi cadangan wajib minimum. ', 0, 1),
(1576, 353, 'penurunan jumlah uang beredar. ', 1, 1),
(1577, 353, 'meningkatnya laju penguatan Indeks Harga Saham Gabungan (IHSG). ', 0, 1),
(1578, 353, 'menaikkan cadangan wajib minimum. ', 0, 1),
(1579, 354, 'dalam jangka pendek ada hubungan positif antara inflasi dan pengangguran, dan dalam jangka panjang hubungan antara inflasi dan pengangguran adalah negatif.', 0, 1),
(1580, 354, 'dalam jangka pendek ada hubungan positif antara inflasi dan pengangguran, dan dalam jangka panjang hubungan antara inflasi dan pengangguran adalah konstan.', 0, 1),
(1581, 354, 'dalam jangka pendek ada hubungan negatif antara inflasi dan pengangguran, dan<br />dalam jangka panjang hubungan antara inflasi dan pengangguran adalah positif.', 0, 1),
(1582, 354, 'dalam jangka pendek ada hubungan negatif antara inflasi dan pengangguran, dan<br />dalam jangka panjang hubungan antara inflasi dan pengangguran adalah konstan.', 1, 1),
(1583, 354, 'dalam jangka pendek hubungan antara inflasi dan pengangguran adalah konstan, dan dalam jangka panjang hubungan antara inflasi dan pengangguran adalah negatif.', 0, 1),
(1584, 355, '27,1%.', 0, 1),
(1585, 355, '48,8%. ', 1, 1),
(1586, 355, '87,5%. ', 0, 1),
(1587, 355, '39,7% ', 0, 1),
(1588, 355, '12,3%. ', 0, 1),
(1589, 356, 'Rp. 40. ', 1, 1),
(1590, 356, 'Rp. 45. ', 0, 1),
(1591, 356, 'Rp. 20. ', 0, 1),
(1592, 356, 'Rp. 25. ', 0, 1),
(1593, 356, 'Rp. 50. ', 0, 1),
(1594, 357, 'Rp. 10. ', 1, 1),
(1595, 357, 'Rp. 12. ', 0, 1),
(1596, 357, 'Rp. 15. ', 0, 1),
(1597, 357, 'Rp. 17. ', 0, 1),
(1598, 357, 'Rp. 25. ', 0, 1),
(1599, 358, 'uang terdistorsi.', 0, 1),
(1600, 358, 'pembujukan moral. ', 0, 1),
(1601, 358, 'disonansi tingkat bunga. ', 0, 1),
(1602, 358, 'value disutility. ', 0, 1),
(1603, 358, 'perangkap likuiditas. ', 1, 1),
(1604, 359, 'C = 70 – 0,70Yd.', 0, 1),
(1605, 359, 'C = 80 + 0,80Yd. ', 0, 1),
(1606, 359, 'C = 100 – 0,80Yd. ', 0, 1),
(1607, 359, 'C = 100 + 0,80Yd. ', 1, 1),
(1608, 359, 'C = 100 + 2,40Yd. ', 0, 1),
(1609, 360, '32,5 + 0,12 Y. ', 1, 1),
(1610, 360, '32,5 – 0,12 Y. ', 0, 1),
(1611, 360, '55 – 0,12 Y. ', 0, 1),
(1612, 360, '55 + 0,12 Y. ', 0, 1),
(1613, 360, '55 + 0,32 Y. ', 0, 1),
(1614, 361, 'tingkat bunga 5% dan tingkat pendapatan 2.350. ', 0, 1),
(1615, 361, 'tingkat bunga 6% dan tingkat pendapatan 2.300. ', 0, 1),
(1616, 361, 'tingkat bunga 8% dan tingkat pendapatan 2.250. ', 0, 1),
(1617, 361, 'tingkat bunga 10% dan tingkat pendapatan 2.200. ', 1, 1),
(1618, 361, 'tingkat bunga 12% dan tingkat pendapatan 2.150. ', 0, 1),
(1619, 362, 'ke kanan sebesar Rp. 50. ', 1, 1),
(1620, 362, 'ke kanan sebesar Rp. 10. ', 0, 1),
(1621, 362, 'ke kanan sebesar Rp. 40. ', 0, 1),
(1622, 362, 'ke kiri sebesar Rp. 50. ', 0, 1),
(1623, 362, 'ke kiri sebesar Rp. 10. ', 0, 1),
(1624, 363, '12%.', 0, 1),
(1625, 363, '11,76%. ', 0, 1),
(1626, 363, '13,64%. ', 1, 1),
(1627, 363, '14,89%. ', 0, 1),
(1628, 363, '15,5%. ', 0, 1),
(1629, 364, '0,9205.', 1, 1),
(1630, 364, '10864', 0, 1),
(1631, 364, '12978', 0, 1),
(1632, 364, '0,7261. ', 0, 1),
(1633, 364, '13537', 0, 1),
(1634, 365, 'Kurang dari atau sama dengan 8 ', 0, 1),
(1635, 365, 'Lebih dari 8 dan kurang dari atau sama dengan 9 ', 0, 1),
(1636, 365, 'Lebih dari 9 dan kurang dari atau sama dengan 10 ', 0, 1),
(1637, 365, 'Lebih dari 10 dan kurang dari atau sama dengan 11 ', 1, 1),
(1638, 365, 'Lebih dari 11 ', 0, 1),
(1639, 366, '0.17', 1, 1),
(1640, 366, '0.16', 0, 1),
(1641, 366, '0.15', 0, 1),
(1642, 366, '0.14', 0, 1),
(1643, 366, '0.13', 0, 1),
(1644, 367, '31,8% ', 0, 1),
(1645, 367, '48,2% ', 0, 1),
(1646, 367, '64,2% ', 0, 1),
(1647, 367, '68,2% ', 1, 1),
(1648, 367, '90,9% ', 0, 1),
(1649, 368, 'Kurang dari atau sama dengan 4.5% ', 0, 1),
(1650, 368, 'Lebih dari 4.5% dan kurang dari atau sama dengan 5% ', 0, 1),
(1651, 368, 'Lebih dari 5% dan kurang dari atau sama dengan 5.5% ', 0, 1),
(1652, 368, 'Lebih dari 5.5% dan kurang dari atau sama dengan 6% ', 0, 1),
(1653, 368, 'Lebih dari 6% ', 1, 1),
(1654, 369, '4,75% ', 0, 1),
(1655, 369, '4,83% ', 1, 1),
(1656, 369, '6,55% ', 0, 1),
(1657, 369, '6,67% ', 0, 1),
(1658, 369, '27,5% ', 0, 1),
(1659, 370, 'Kurang dari atau sama dengan 5 juta rupiah', 0, 1),
(1660, 370, 'Lebih dari 5 juta rupiah dan kurang dari atau sama dengan 10 juta rupiah ', 0, 1),
(1661, 370, 'Lebih dari 10 juta rupiah dan kurang dari atau sama dengan 20 juta rupiah ', 0, 1),
(1662, 370, 'Lebih dari 20 juta rupiah dan kurang dari atau sama dengan 25 juta rupiah ', 0, 1),
(1663, 370, 'Lebih dari 25 juta rupiah ', 1, 1),
(1664, 371, 'Adjusting entry ', 0, 1),
(1665, 371, 'Transaction registers ', 0, 1),
(1666, 371, 'Debit-credit balance accounts ', 0, 1),
(1667, 371, 'Trial balance ', 1, 1),
(1668, 371, 'Dual-aspect concept ', 0, 1),
(1669, 372, 'Group contingency reserve ', 0, 1),
(1670, 372, 'Claim fluctuation reserve ', 0, 1),
(1671, 372, 'Participation in separate accounts ', 0, 1),
(1672, 372, 'Special contingency reserve ', 1, 1),
(1673, 372, 'Contingency reserve for large risks ', 0, 1),
(1674, 373, 'Attest auditing ', 0, 1),
(1675, 373, 'Compliance auditing ', 0, 1),
(1676, 373, 'Purpose auditing ', 0, 1),
(1677, 373, 'Efficiency auditing ', 0, 1),
(1678, 373, 'Effectiveness auditing ', 1, 1),
(1679, 374, '23.040', 1, 1),
(1680, 374, '24.960', 0, 1),
(1681, 374, '32.000', 0, 1),
(1682, 374, '40.000', 0, 1),
(1683, 374, '48.000', 0, 1),
(1684, 375, 'X ≤ 140', 0, 1),
(1685, 375, '140 &lt; X ≤ 150 ', 0, 1),
(1686, 375, '150 &lt; X ≤ 160 ', 1, 1),
(1687, 375, '160 &lt; X ≤ 170 ', 0, 1),
(1688, 375, 'X &gt; 170 ', 0, 1),
(1689, 376, 'Right', 0, 1),
(1690, 376, 'Future ', 0, 1),
(1691, 376, 'Call', 0, 1),
(1692, 376, 'Cap', 0, 1),
(1693, 376, 'Warrant', 1, 1),
(1694, 377, '(α) x (β) – (a) x (b)', 0, 1),
(1695, 377, '(α) x (β) – (a) x (β)', 1, 1),
(1696, 377, '(a) x (β) – (a) x (b) ', 0, 1),
(1697, 377, '(a) x (b) – (α) x (b) ', 0, 1),
(1698, 377, '(α) x (b) – (a ) x (β) ', 0, 1),
(1699, 378, '180.000', 1, 1),
(1700, 378, '200.000', 0, 1),
(1701, 378, '220.000', 0, 1),
(1702, 378, '240.000', 0, 1),
(1703, 378, '260.000', 0, 1),
(1704, 379, '0 (Nol) ', 0, 1),
(1705, 379, '22.000', 1, 1),
(1706, 379, '28.000', 0, 1),
(1707, 379, '50.000', 0, 1),
(1708, 379, '70.000', 0, 1),
(1709, 380, 'i dan ii benar', 0, 1),
(1710, 380, 'ii dan iv benar', 0, 1),
(1711, 380, 'i, ii, dan iii benar', 0, 1),
(1712, 380, 'i, ii, dan iv benar', 0, 1),
(1713, 380, 'i, ii, iii, dan iv benar ', 1, 1),
(1714, 381, 'i dan ii benar ', 0, 1),
(1715, 381, 'ii dan iv benar ', 0, 1),
(1716, 381, 'i, ii, dan iii benar ', 1, 1),
(1717, 381, 'i, ii, dan iv benar ', 0, 1),
(1718, 381, 'i, ii, iii, dan iv benar ', 0, 1),
(1719, 382, 'Informasi keuangan seharusnya disajikan atas dasar kelangsungan usaha, terlepas dari asumsi-asumsi dan estimasi yang harus dibuat', 1, 1),
(1720, 382, 'Nilai kini aktuaria atas manfaat purnakarya terjanji, merupakan penjumlahan dari seluruh gaji saat ini, dapat diatribusikan ke setiap peserta dalam program manfaat purnakarya ', 0, 1),
(1721, 382, 'Dapat dihitung lebih obyektif daripada tingkat gaji proyeksi karena melibatkan lebih sedikit<br />asumsi', 0, 1),
(1722, 382, 'Peningkatan manfaat yang dapat diatribusikan ke dalam kenaikan gaji menjadi kewajiban<br />program manfaat purnakarya pada saat kenaikan gaji', 0, 1),
(1723, 382, 'Jumlah nilai kini aktuaria atas manfaat purnakarya terjanji menggunakan tingkat gaji kini<br />yang secara umum lebih terkait erat dengan jumlah terutang pada peristiwa penghentian atau pemutusan program purnakarya<br />', 0, 1),
(1724, 383, 'Klaim meliputi klaim yang telah disetujui (settled claims), klaim dalam proses penyelesaian (outstanding claims), dan klaim yang terjadi namun belum dilaporkan', 0, 1),
(1725, 383, 'Jumlah klaim dalam proses penyelesaian, termasuk klaim yang terjadi namun belum dilaporkan, ditentukan berdasarkan estimasi liabilitas klaim tersebut', 0, 1),
(1726, 383, 'Perubahan dalam jumlah estimasi liabilitas klaim, sebagai akibat proses penelaahan lebih lanjut dan perbedaan antara jumlah estimasi klaim dengan klaim yang dibayarkan, diakui sebagai penambah atau pengurang beban dalam laporan laba rugi pada periode selanjutnya.', 1, 1),
(1727, 383, 'Klaim reasuransi diakui sebagai pengurang beban klaim pada periode yang sama dengan pengakuan beban klaim.', 0, 1),
(1728, 383, 'Tidak ada pilihan jawaban yang benar (pernyataan a, b, c, dan d sesuai dengan PSAK 36)', 0, 1),
(1729, 384, 'Asuransi atas produk, liabilitas profesional, sipil atau beban-beban hukum ', 0, 1),
(1730, 384, 'Perlindungan cacat dan medis ', 0, 1),
(1731, 384, 'Obligasi jaminan, obligasi kesetiaan, obligasi kinerja dan obligasi penawaran (misalnya<br />kontrak yang menyediakan kompensasi jika pihak lainnya gagal untuk melaksanakan<br />kewajiban perjanjian)', 0, 1),
(1732, 384, 'Kontrak yang mensyaratkan pembayaran berdasarkan iklim, geologis, atau variabel fisik<br />lainnya yang tidak spesifik pada pihak dalam kontrak (umumnya dijelaskan sebagai<br />derivatif cuaca)', 1, 1),
(1733, 384, 'Bantuan perjalanan (misalnya kompensasi dalam kas atau dalam bentuk barang atau jasa<br />kepada pemegang polis atas kerugian yang terjadi ketika mereka sedang melakukan perjalanan)<br />', 0, 1),
(1734, 385, 'Retroactive basis ', 0, 1),
(1735, 385, 'Fiscal-year basis ', 0, 1),
(1736, 385, 'Prospective basis ', 0, 1),
(1737, 385, 'Current basis ', 1, 1),
(1738, 385, 'Modified basis ', 0, 1),
(1739, 386, '20', 0, 1),
(1740, 386, '50', 0, 1),
(1741, 386, '65', 0, 1),
(1742, 386, '75', 0, 1),
(1743, 386, '100', 1, 1),
(1744, 387, 'X ≤ 85 ', 0, 1),
(1745, 387, '85 &lt; X ≤ 90 ', 1, 1),
(1746, 387, '90 &lt; X ≤ 95 ', 0, 1),
(1747, 387, '95 &lt; X ≤ 100 ', 0, 1),
(1748, 387, 'X &gt; 100 ', 0, 1),
(1749, 388, 'Uncollected income ', 0, 1),
(1750, 388, 'Deferred income ', 0, 1),
(1751, 388, 'Collected income ', 1, 1),
(1752, 388, 'Due income ', 0, 1),
(1753, 388, 'Accrued income ', 0, 1),
(1754, 389, '<p>Real Estate................................ 20.000<br />\r\n&nbsp; &nbsp; &nbsp; &nbsp; &nbsp; &nbsp; &nbsp; &nbsp; &nbsp; Cash ...................................................... 8.000<br />\r\n&nbsp; &nbsp; &nbsp; &nbsp; &nbsp; &nbsp; &nbsp; &nbsp; &nbsp; Mortgage Loans Payable .................. 12.000</p>\r\n', 1, 1),
(1755, 389, '<p>Real Estate................................ 8.000<br />\r\nMortgage on Real Estate........ 12.000<br />\r\n&nbsp; &nbsp; &nbsp; &nbsp; &nbsp; &nbsp; &nbsp; &nbsp; &nbsp; &nbsp; &nbsp; &nbsp; &nbsp; &nbsp; &nbsp; Cash ...................................................... 8.000<br />\r\n&nbsp; &nbsp; &nbsp; &nbsp; &nbsp; &nbsp; &nbsp; &nbsp; &nbsp; &nbsp; &nbsp; &nbsp; &nbsp; &nbsp; &nbsp; Mortgage Loans Payable .................. 12.000</p>\r\n', 0, 1),
(1756, 389, '<p>Real Estate................................ 8.000<br />\r\n&nbsp; &nbsp; &nbsp; &nbsp; &nbsp; &nbsp; &nbsp; &nbsp; &nbsp; &nbsp; &nbsp; &nbsp; &nbsp; &nbsp;Cash ....................................................... 8.000</p>\r\n', 0, 1),
(1757, 389, '<p>Real Estate................................ 8.000<br />\r\n&nbsp; &nbsp; &nbsp; &nbsp; &nbsp; &nbsp; &nbsp; &nbsp; &nbsp; &nbsp; &nbsp; &nbsp; &nbsp; Cash and Mortgage Loans Payable... 20.000</p>\r\n', 0, 1),
(1758, 389, '<p>Real Estate................................ 8.000<br />\r\nMortgage on Real Estate........ 12.000<br />\r\n&nbsp; &nbsp; &nbsp; &nbsp; &nbsp; &nbsp; &nbsp; &nbsp; &nbsp; &nbsp; &nbsp; &nbsp; &nbsp; &nbsp;Cash ...................................................... 20.000</p>\r\n', 0, 1),
(1759, 390, 'A–B+C–D–E ', 1, 1),
(1760, 390, 'A + B – C – D – E ', 0, 1),
(1761, 390, 'A–B–C–D+E ', 0, 1),
(1762, 390, 'A + B+ C– D–E ', 0, 1),
(1763, 390, 'A–B+C–D+E ', 0, 1),
(1764, 391, 'i dan iii benar', 0, 1),
(1765, 391, 'i, iii, dan v benar', 0, 1),
(1766, 391, 'ii, iii, dan iv benar', 0, 1),
(1767, 391, 'i, iii, iv, dan v benar', 1, 1),
(1768, 391, 'i, ii, iii, iv, dan v benar ', 0, 1),
(1769, 392, 'Outstanding policy loan ', 0, 1),
(1770, 392, 'Premium that have been paid in advance for periods beyond the next policy anniversary ', 1, 1),
(1771, 392, 'Accrued policy loan interest at the date of death ', 0, 1),
(1772, 392, 'Premiums due and unpaid if death occurs during the grace period ', 0, 1),
(1773, 392, 'Accrued or unpaid premiums ', 0, 1),
(1774, 393, 'Kurang dari atau sama dengan 4,0% ', 0, 1),
(1775, 393, 'Lebih dari 4,0% dan kurang dari atau sama dengan 4,1% ', 1, 1),
(1776, 393, 'Lebih dari 4,1% dan kurang dari atau sama dengan 4,2% ', 0, 1),
(1777, 393, 'Lebih dari 4,2% dan kurang dari atau sama dengan 4,3% ', 0, 1),
(1778, 393, 'Lebih dari 4,3% ', 0, 1),
(1779, 394, '<p>Premium Income ................................ 2.000.000<br />\r\n&nbsp; &nbsp; &nbsp; &nbsp; &nbsp; &nbsp; &nbsp; &nbsp; &nbsp; Cash ..................................................... 2.000.000</p>\r\n', 0, 1),
(1780, 394, '<p>Premium Income ................................ 2.000.000<br />\r\n&nbsp; &nbsp; &nbsp; &nbsp; &nbsp; &nbsp; &nbsp; &nbsp; &nbsp; Premium Suspense ............................. 2.000.000</p>\r\n', 0, 1),
(1781, 394, '<p>Premium Suspense .............................. 2.000.000<br />\r\n&nbsp; &nbsp; &nbsp; &nbsp; &nbsp; &nbsp; &nbsp; &nbsp; &nbsp;Cash .................................................... 2.000.000</p>\r\n', 1, 1),
(1782, 394, '<p>Unearned Premium ............................ 2.000.000<br />\r\n&nbsp; &nbsp; &nbsp; &nbsp; &nbsp; &nbsp; &nbsp; &nbsp; &nbsp; Premium Suspense ............................ 2.000.000</p>\r\n', 0, 1),
(1783, 394, '<p>Unearned Premium ............................ 2.000.000<br />\r\n&nbsp; &nbsp; &nbsp; &nbsp; &nbsp; &nbsp; &nbsp; &nbsp; &nbsp; Cash ..................................................... 2.000.000</p>\r\n', 0, 1),
(1864, 412, '7940', 0, 1),
(1865, 412, '8000', 0, 1),
(1866, 412, '8060', 1, 1),
(1867, 412, '8130', 0, 1),
(1868, 412, '8200', 0, 1),
(1869, 413, '0,111', 1, 1),
(1870, 413, '0,125', 0, 1),
(1871, 413, '0,143 ', 0, 1),
(1872, 413, '0,167 ', 0, 1),
(1873, 413, '0,200 ', 0, 1),
(1874, 414, '0,0225 ', 0, 1),
(1875, 414, '0,0242 ', 0, 1),
(1876, 414, '0,0392 ', 0, 1),
(1877, 414, '0,0408 ', 1, 1),
(1878, 414, '0,0650 ', 0, 1),
(1879, 415, '0,154 ', 1, 1),
(1880, 415, '0,170 ', 0, 1),
(1881, 415, '0,219 ', 0, 1),
(1882, 415, '0,248 ', 0, 1),
(1883, 415, '0,360 ', 0, 1),
(1884, 416, '0,0744', 1, 1),
(1885, 416, '0,0811 ', 0, 1),
(1886, 416, '0,0912 ', 0, 1),
(1887, 416, '0,1000 ', 0, 1),
(1888, 416, '0,1200 ', 0, 1),
(1889, 417, '0,236', 0, 1),
(1890, 417, '0,342', 0, 1),
(1891, 417, '0,439', 1, 1),
(1892, 417, '0,655', 0, 1),
(1893, 417, '0,750 ', 0, 1),
(1894, 418, '0,40 ', 0, 1),
(1895, 418, '0,47 ', 1, 1),
(1896, 418, '0,50 ', 0, 1),
(1897, 418, '0,53 ', 0, 1),
(1898, 418, '0,60 ', 0, 1),
(1899, 419, '0,013 ', 1, 1),
(1900, 419, '0,018 ', 0, 1),
(1901, 419, '0,020 ', 0, 1),
(1902, 419, '0,022 ', 0, 1),
(1903, 419, '0,024 ', 0, 1),
(1904, 420, '0,951 ', 0, 1),
(1905, 420, '0,963 ', 0, 1),
(1906, 420, '0.972', 0, 1),
(1907, 420, '0.986', 0, 1),
(1908, 420, '0.991', 1, 1),
(1909, 421, '0,0060 ', 0, 1),
(1910, 421, '0,0073 ', 0, 1),
(1911, 421, '0,0084 ', 1, 1),
(1912, 421, '0,0098 ', 0, 1),
(1913, 421, '0,0125 ', 0, 1),
(1914, 422, '0,186 ', 0, 1),
(1915, 422, '0,197 ', 0, 1),
(1916, 422, '0,205 ', 1, 1),
(1917, 422, '0,220 ', 0, 1),
(1918, 422, '0,235 ', 0, 1),
(1919, 423, '0,170 ', 0, 1),
(1920, 423, '0,180 ', 1, 1),
(1921, 423, '0,190 ', 0, 1),
(1922, 423, '0,195 ', 0, 1),
(1923, 423, '0,200 ', 0, 1),
(1924, 424, '0,0010', 0, 1),
(1925, 424, '0,0015', 0, 1),
(1926, 424, '0,0020 ', 0, 1),
(1927, 424, '0,0025 ', 1, 1),
(1928, 424, '0,0030 ', 0, 1),
(1929, 425, '0,44', 0, 1),
(1930, 425, '0,46', 0, 1),
(1931, 425, '0,54 ', 1, 1),
(1932, 425, '0,56 ', 0, 1),
(1933, 425, '0,64 ', 0, 1),
(1934, 426, '1 dan 2 saja ', 1, 1),
(1935, 426, '1 dan 3 saja ', 0, 1),
(1936, 426, '2 dan 3 saja ', 0, 1),
(1937, 426, '2 saja ', 0, 1),
(1938, 426, '1,2, dan 3 ', 0, 1),
(1939, 427, 'I saja ', 0, 1),
(1940, 427, 'I dan II saja ', 1, 1),
(1941, 427, 'I dan III saja ', 0, 1),
(1942, 427, 'II dan III saja ', 0, 1),
(1943, 427, 'I, II, dan III benar ', 0, 1),
(1944, 428, '<p>k</p>\r\n', 1, 1),
(1945, 428, '<p><img src=\"[base_url]uploads/topik_6/screen_shot_2020-03-27_at_9_15_43_pm.png\" /></p>\r\n', 0, 1),
(1946, 428, '<p><img src=\"[base_url]uploads/topik_6/screen_shot_2020-03-27_at_9_16_10_pm.png\" /></p>\r\n', 0, 1),
(1947, 428, '<p><img src=\"[base_url]uploads/topik_6/screen_shot_2020-03-27_at_9_16_40_pm.png\" /></p>\r\n', 0, 1),
(1948, 428, '<p>0</p>\r\n', 0, 1),
(1949, 429, 'i) dan iii) saja ', 0, 1),
(1950, 429, 'ii) saja', 0, 1),
(1951, 429, 'ii) dan iv) saja ', 1, 1),
(1952, 429, 'i),ii) dan iii) saja ', 0, 1),
(1953, 429, 'i),ii), iii) dan iv) ', 0, 1),
(1954, 430, '15', 0, 1),
(1955, 430, '66', 0, 1),
(1956, 430, '123', 0, 1),
(1957, 430, '194', 0, 1),
(1958, 430, 'Statistik tersebut tak dapat dihitung ', 1, 1),
(1959, 431, '1,4', 1, 1),
(1960, 431, '1,7 ', 0, 1),
(1961, 431, '2,1 ', 0, 1),
(1962, 431, '2,5 ', 0, 1),
(1963, 431, '3,0 ', 0, 1),
(1964, 432, '2,50 ', 0, 1),
(1965, 432, '3,75 ', 1, 1),
(1966, 432, '3,95 ', 0, 1),
(1967, 432, '4,10 ', 0, 1),
(1968, 432, '5,20 ', 0, 1),
(1969, 433, '0,0700 ', 0, 1),
(1970, 433, '0,0751 ', 0, 1),
(1971, 433, '0,0792 ', 1, 1),
(1972, 433, '0,0800 ', 0, 1),
(1973, 433, '0,0833 ', 0, 1),
(1974, 434, '1', 0, 1),
(1975, 434, '2', 0, 1),
(1976, 434, '47', 1, 1),
(1977, 434, '48', 0, 1),
(1978, 434, '49', 0, 1),
(1979, 435, 'Bias namun konsisten ', 0, 1),
(1980, 435, 'Tak-bias, efisien, namun tidak konsisten ', 0, 1),
(1981, 435, 'Tak-bias dan efisien ', 0, 1),
(1982, 435, 'Tak-bias, konsisten, namun tidak efisien ', 1, 1),
(1983, 435, 'Tak-bias, Efisien dan konsisten. ', 0, 1),
(1984, 436, '', 0, 1),
(1985, 436, '', 0, 1),
(1986, 436, '', 0, 1),
(1987, 436, '', 0, 1),
(1988, 436, '', 1, 1),
(1989, 437, '', 1, 1),
(1990, 437, '', 0, 1),
(1991, 437, '', 0, 1),
(1992, 437, '', 0, 1),
(1993, 437, '', 0, 1),
(1994, 438, '0,89 ', 0, 1),
(1995, 438, '1,10 ', 0, 1),
(1996, 438, '1,83 ', 1, 1),
(1997, 438, '2,15 ', 0, 1),
(1998, 438, '2,50 ', 0, 1),
(1999, 439, 't=1,5 dan oleh karena itu tolak hipotestis nol. ', 0, 1),
(2000, 439, 't=1,5 dan oleh karena itu terima hipotestis nol. ', 0, 1),
(2001, 439, 't=1,8 dan oleh karena itu tolak hipotestis nol. ', 0, 1),
(2002, 439, 't=2,1 dan oleh karena itu terima hipotestis nol. ', 0, 1),
(2003, 439, 't=2,1 dan oleh karena itu tolak hipotesis nol. ', 1, 1),
(2004, 440, 'Residuals memiliki serial correlation yang positif ', 1, 1),
(2005, 440, 'Residuals memiliki serial correlation yang negatif ', 0, 1),
(2006, 440, 'Residuals tidak memiliki serial correlation ', 0, 1),
(2007, 440, 'Residuals memiliki serial correlation yang tak-negatif ', 0, 1),
(2008, 440, 'Hasil uji tidak dapat disimpulkan ', 0, 1),
(2009, 441, '-0,0365 dan -0,250 ', 0, 1),
(2010, 441, '-0,0665 dan -0,275 ', 0, 1),
(2011, 441, '-0,0665 dan -0,355 ', 0, 1),
(2012, 441, '-0,0775 dan -0,355 ', 0, 1),
(2013, 441, '-0,0775 dan -0,388 ', 1, 1),
(2014, 442, '12,64 ', 0, 1),
(2015, 442, '17,64 ', 0, 1),
(2016, 442, '14,54 ', 0, 1),
(2017, 442, '12,85 ', 0, 1),
(2018, 442, '16,74 ', 1, 1),
(2019, 443, '1.755', 0, 1),
(2020, 443, '1.855', 0, 1),
(2021, 443, '1.955', 1, 1),
(2022, 443, '2.055', 0, 1),
(2023, 443, '2.555', 0, 1),
(2024, 444, '0,2175 ', 1, 1),
(2025, 444, '0,1175 ', 0, 1),
(2026, 444, '0,0008 ', 0, 1),
(2027, 444, '0,3185 ', 0, 1),
(2028, 444, '0,2575 ', 0, 1),
(2029, 445, '3,0% ', 0, 1),
(2030, 445, '2,6% ', 0, 1),
(2031, 445, '6,0% ', 1, 1),
(2032, 445, '1,5% ', 0, 1),
(2033, 445, '8,5% ', 0, 1),
(2034, 446, '222', 0, 1),
(2035, 446, '354', 1, 1),
(2036, 446, '550', 0, 1),
(2037, 446, '155', 0, 1),
(2038, 446, '250', 0, 1),
(2039, 447, '12.500', 0, 1),
(2040, 447, '62.240', 0, 1),
(2041, 447, '55.150', 0, 1),
(2042, 447, '35.265', 1, 1),
(2043, 447, '29.150', 0, 1),
(2044, 448, '0,24 ', 1, 1),
(2045, 448, '0,62 ', 0, 1),
(2046, 448, '0,05 ', 0, 1),
(2047, 448, '0,35 ', 0, 1),
(2048, 448, '0,29 ', 0, 1),
(2049, 449, '0,2150 ', 0, 1),
(2050, 449, '0,6550 ', 0, 1),
(2051, 449, '0,0155 ', 0, 1),
(2052, 449, '0,1500 ', 0, 1),
(2053, 449, '0,3125 ', 1, 1),
(2054, 450, '0,210 ', 0, 1),
(2055, 450, '0,650 ', 0, 1),
(2056, 450, '0,015 ', 0, 1),
(2057, 450, '0,150 ', 0, 1),
(2058, 450, '0,355 ', 1, 1),
(2059, 451, '1.021', 0, 1),
(2060, 451, '1.064', 1, 1),
(2061, 451, '1.042', 0, 1),
(2062, 451, '1.321', 0, 1),
(2063, 451, '1.921', 0, 1),
(2064, 452, '0,33 ', 0, 1),
(2065, 452, '0,45 ', 1, 1),
(2066, 452, '0,15 ', 0, 1),
(2067, 452, '1,00 ', 0, 1),
(2068, 452, '1,31 ', 0, 1),
(2069, 453, '0,19 ', 0, 1),
(2070, 453, '0,22 ', 0, 1),
(2071, 453, '0,15 ', 0, 1),
(2072, 453, '0,24 ', 0, 1),
(2073, 453, '0,31 ', 1, 1),
(2074, 454, '4.050', 0, 1),
(2075, 454, '8.100', 1, 1),
(2076, 454, '10.500', 0, 1),
(2077, 454, '12.100', 0, 1),
(2078, 454, '15.930', 0, 1),
(2079, 455, '<p><img src=\"[base_url]uploads/topik_8/screen_shot_2020-03-30_at_1_48_46_pm.png\" /></p>\r\n', 0, 1),
(2080, 455, '<p><img src=\"[base_url]uploads/topik_8/screen_shot_2020-03-30_at_1_49_07_pm.png\" /></p>\r\n', 1, 1),
(2081, 455, '<p><img src=\"[base_url]uploads/topik_8/screen_shot_2020-03-30_at_1_46_57_pm.png\" /></p>\r\n', 0, 1),
(2082, 455, '<p><img src=\"[base_url]uploads/topik_8/screen_shot_2020-03-30_at_1_49_54_pm.png\" /></p>\r\n', 0, 1),
(2083, 455, '<p><img src=\"[base_url]uploads/topik_8/screen_shot_2020-03-30_at_1_50_16_pm.png\" /></p>\r\n', 0, 1),
(2084, 456, '&lt;200 ', 0, 1),
(2085, 456, 'Paling sedikit 200, tetapi kurang dari 300 ', 0, 1),
(2086, 456, 'Paling sedikit 300, tetapi kurang dari 400 ', 1, 1),
(2087, 456, 'Paling sedikit 400, tetapi kurang dari 500 ', 0, 1),
(2088, 456, 'Paling sedikit 500 ', 0, 1),
(2089, 457, '1,69 ', 0, 1),
(2090, 457, '2,69 ', 0, 1),
(2091, 457, '4,69 ', 0, 1),
(2092, 457, '6,69 ', 0, 1),
(2093, 457, '8,69 ', 1, 1),
(2094, 458, '0,05 ', 0, 1),
(2095, 458, '0,10 ', 1, 1),
(2096, 458, '0,20 ', 0, 1),
(2097, 458, '0,40 ', 0, 1),
(2098, 458, '0,80 ', 0, 1),
(2099, 459, 'Negatif Binomial ', 1, 1),
(2100, 459, 'Discrete Uniform ', 0, 1),
(2101, 459, 'Poisson ', 0, 1),
(2102, 459, 'Binomial ', 0, 1),
(2103, 459, 'Antara Poisson atau Binomial ', 0, 1),
(2104, 460, '<p>0,125p<sup>2</sup></p>\r\n', 0, 1),
(2105, 460, '<p>0,375 + 0,125p</p>\r\n', 0, 1),
(2106, 460, '<p>0,375 + 0,125p<sup>2</sup></p>\r\n', 0, 1),
(2107, 460, '<p>0,375 - 0,125p<sup>2</sup></p>\r\n', 0, 1),
(2108, 460, '<p>0,375 - 0,125p</p>\r\n', 1, 1),
(2109, 461, '37', 0, 1),
(2110, 461, '39', 1, 1),
(2111, 461, '43', 0, 1),
(2112, 461, '47', 0, 1),
(2113, 461, '49', 0, 1),
(2114, 462, '720', 0, 1),
(2115, 462, '960', 1, 1),
(2116, 462, '2.160', 0, 1),
(2117, 462, '2.667', 0, 1),
(2118, 462, '2.880', 0, 1),
(2119, 463, '0,17 ', 0, 1),
(2120, 463, '0,33 ', 0, 1),
(2121, 463, '0,50 ', 1, 1),
(2122, 463, '0,67 ', 0, 1),
(2123, 463, '0,83 ', 0, 1),
(2124, 464, '-1/3', 0, 1),
(2125, 464, '1/3', 0, 1),
(2126, 464, '2/3', 0, 1),
(2127, 464, '4/3', 1, 1),
(2128, 464, '2', 0, 1),
(2129, 465, '<p><img src=\"[base_url]uploads/topik_8/screen_shot_2020-03-30_at_1_25_22_pm.png\" /></p>\r\n', 1, 1),
(2130, 465, '<p><img src=\"[base_url]uploads/topik_8/screen_shot_2020-03-30_at_1_25_45_pm.png\" /></p>\r\n', 0, 1),
(2131, 465, '<p><img src=\"[base_url]uploads/topik_8/screen_shot_2020-03-30_at_1_26_44_pm.png\" /></p>\r\n', 0, 1),
(2132, 465, '<p><img src=\"[base_url]uploads/topik_8/screen_shot_2020-03-30_at_1_27_08_pm.png\" /></p>\r\n', 0, 1),
(2133, 465, '<p><img src=\"[base_url]uploads/topik_8/screen_shot_2020-03-30_at_1_27_43_pm.png\" /></p>\r\n', 0, 1),
(2134, 466, '<p><img src=\"[base_url]uploads/topik_8/screen_shot_2020-03-30_at_1_21_28_pm.png\" /></p>\r\n', 0, 1),
(2135, 466, '<p><img src=\"[base_url]uploads/topik_8/screen_shot_2020-03-30_at_1_21_56_pm.png\" /></p>\r\n', 0, 1),
(2136, 466, '<p>x</p>\r\n', 0, 1),
(2137, 466, '<p><img src=\"[base_url]uploads/topik_8/screen_shot_2020-03-30_at_1_22_41_pm.png\" /></p>\r\n', 1, 1),
(2138, 466, '<p><img src=\"[base_url]uploads/topik_8/screen_shot_2020-03-30_at_1_23_13_pm.png\" /></p>\r\n', 0, 1),
(2139, 467, '9,6', 0, 1),
(2140, 467, '9,7', 0, 1),
(2141, 467, '9,8', 0, 1),
(2142, 467, '9,9', 1, 1),
(2143, 467, '10,0', 0, 1),
(2144, 468, 'Kurang dari 0,05 ', 0, 1),
(2145, 468, 'Lebih dari sama dengan 0,05, namun kurang dari 0,15 ', 0, 1),
(2146, 468, 'Lebih dari sama dengan 0,15, namun kurang dari 0,25 ', 0, 1),
(2147, 468, 'Lebih dari sama dengan 0,25, namun kurang dari 0,35 ', 0, 1),
(2148, 468, 'Lebih dari 0,35 ', 1, 1),
(2149, 469, '&lt; 0,30 ', 1, 1),
(2150, 469, '0,30 ≤ ', 0, 1),
(2151, 469, '0,35 ≤ ', 0, 1),
(2152, 469, '0,40 ≤ ', 0, 1),
(2153, 469, '≥ 0,45 ', 0, 1),
(2154, 470, '0,75 ', 0, 1),
(2155, 470, '1,00 ', 1, 1),
(2156, 470, '1,25 ', 0, 1),
(2157, 470, '1,50 ', 0, 1),
(2158, 470, '1,80 ', 0, 1),
(2159, 471, '233', 1, 1),
(2160, 471, '400', 0, 1),
(2161, 471, '500', 0, 1),
(2162, 471, '733', 0, 1),
(2163, 471, '1233', 0, 1),
(2164, 472, 'pasar sekuritas cukup besar dan seluruh investor adalh penerima harga ', 0, 1),
(2165, 472, 'tidak terdapat pajak dan biaya transaksi ', 0, 1),
(2166, 472, 'seluruh asset berisiko diperdagangkan ke publik ', 0, 1),
(2167, 472, 'seluruh investor akan memegang portofolio aset berisiko yang bervariasi ', 1, 1),
(2168, 472, 'investor dapat meminjam dan meminjamkan dana dalam jumlah berapapun pada suku bunga bebas resiko', 0, 1),
(2169, 473, '5% (lima persen) ', 0, 1),
(2170, 473, '10% (sepuluh persen) ', 1, 1),
(2171, 473, '15% (lima belas persen) ', 0, 1),
(2172, 473, '20% (dua puluh persen) ', 0, 1),
(2173, 473, '25% (dua puluh lima persen) ', 0, 1),
(2174, 474, 'tidak dalam sengketa; ', 0, 1),
(2175, 474, 'tidak sedang dijadikan jaminan; ', 0, 1),
(2176, 474, 'tidak sedang diblokir oleh Pihak yang berwenang; ', 0, 1),
(2177, 474, 'tidak melebihi dari 25% (dua puluh lima persen) dari jumlah investasi; ', 1, 1),
(2178, 474, 'dimiliki dan dikuasai oleh Perusahaan, yang dibuktikan dengan bukti kepemilikan atas nama Perusahaan dari instansi yang berwenang;', 0, 1),
(2179, 475, 'Pernyataan 1 saja ', 0, 1),
(2180, 475, 'Pernyataan 2 saja ', 0, 1),
(2181, 475, 'Pernyataan 1 dan 2 benar ', 0, 1),
(2182, 475, 'Pernyataan 1 dan 2 tidak ada yang benar ', 0, 1),
(2183, 476, '9,0% ', 0, 1),
(2184, 476, '10,1% ', 1, 1),
(2185, 476, '11,2% ', 0, 1),
(2186, 476, '12,6% ', 0, 1),
(2187, 476, '15,6% ', 0, 1),
(2188, 477, '1.083', 0, 1),
(2189, 477, '1.108', 0, 1),
(2190, 477, '1.179', 1, 1),
(2191, 477, '1.190', 0, 1),
(2192, 477, '1.205', 0, 1),
(2193, 478, '147,92 ', 0, 1),
(2194, 478, '139,22 ', 1, 1),
(2195, 478, '122,29 ', 1, 1),
(2196, 478, '119,08 ', 0, 1),
(2197, 478, '107,80 ', 0, 1),
(2198, 479, '18,7% ', 0, 1),
(2199, 479, '19,3% ', 0, 1),
(2200, 479, '21,5% ', 0, 1),
(2201, 479, '23,3% ', 1, 1),
(2202, 479, '25,1% ', 0, 1),
(2203, 480, '0.3', 0, 1),
(2204, 480, '0.25', 0, 1),
(2205, 480, '0.23', 0, 1),
(2206, 480, '0.18', 0, 1),
(2207, 480, '0.15', 1, 1),
(2208, 481, '5,85% ', 1, 1),
(2209, 481, '6,85% ', 0, 1),
(2210, 481, '7,85% ', 0, 1),
(2211, 481, '8,85% ', 0, 1),
(2212, 481, '9,85% ', 0, 1),
(2213, 482, '0,45 ', 0, 1),
(2214, 482, '0,55 ', 1, 1),
(2215, 482, '0,63 ', 0, 1),
(2216, 482, '0,67 ', 0, 1),
(2217, 482, '0,71 ', 0, 1),
(2218, 483, '44', 0, 1),
(2219, 483, '48', 0, 1),
(2220, 483, '52', 0, 1),
(2221, 483, '54', 0, 1),
(2222, 483, '60', 1, 1),
(2223, 484, '15,4% ', 0, 1),
(2224, 484, '16,0% ', 0, 1),
(2225, 484, '16,6% ', 0, 1),
(2226, 484, '17,5% ', 1, 1),
(2227, 484, '17,8% ', 0, 1),
(2228, 485, '26.750', 0, 1),
(2229, 485, '29.250', 1, 1),
(2230, 485, '30.250<br />', 0, 1),
(2231, 485, '31.500', 0, 1),
(2232, 485, '34.000', 0, 1),
(2233, 486, '-343', 0, 1),
(2234, 486, '-251', 0, 1),
(2235, 486, '251', 1, 1),
(2236, 486, '343', 0, 1),
(2237, 486, '443', 0, 1),
(2238, 487, '2,0% ', 1, 1),
(2239, 487, '3,5% ', 1, 1),
(2240, 487, '5,5% ', 1, 1),
(2241, 487, '6,5% ', 1, 1),
(2242, 487, '7,0% ', 1, 1),
(2243, 488, '784', 0, 1),
(2244, 488, '831', 0, 1),
(2245, 488, '871', 1, 1),
(2246, 488, '915', 0, 1),
(2247, 488, '935', 0, 1),
(2248, 489, '0,411 ', 0, 1),
(2249, 489, '0,415 ', 0, 1),
(2250, 489, '0,588 ', 1, 1),
(2251, 489, '0,615 ', 0, 1),
(2252, 489, '0,715 ', 0, 1),
(2253, 490, '0.04', 0, 1),
(2254, 490, '0.05', 0, 1),
(2255, 490, '0.06', 1, 1),
(2256, 490, '0.07', 0, 1),
(2257, 490, '0.08', 0, 1),
(2258, 491, '4,0', 0, 1),
(2259, 491, '4,5', 0, 1),
(2260, 491, '5,0', 0, 1),
(2261, 491, '6,5% ', 1, 1),
(2262, 491, '7,0% ', 0, 1),
(2263, 492, '7,50% ', 0, 1),
(2264, 492, '9,55% ', 0, 1),
(2265, 492, '10,60% ', 0, 1),
(2266, 492, '12,86% ', 1, 1),
(2267, 492, '15,20% ', 0, 1),
(2268, 493, '15245', 0, 1),
(2269, 493, '15.667', 0, 1),
(2270, 493, '16.078', 1, 1),
(2271, 493, '16.980', 0, 1),
(2272, 493, '17.667', 0, 1),
(2273, 494, '41', 1, 1),
(2274, 494, '43', 0, 1),
(2275, 494, '45', 0, 1),
(2276, 494, '47', 0, 1),
(2277, 494, '49', 0, 1),
(2278, 495, '20,0% ', 0, 1),
(2279, 495, '19,8% ', 0, 1),
(2280, 495, '17,8% ', 1, 1),
(2281, 495, '16,4% ', 0, 1),
(2282, 495, '13,6% ', 0, 1),
(2283, 496, '9,75% ', 1, 1),
(2284, 496, '11,95% ', 1, 1),
(2285, 496, '12,21% ', 1, 1),
(2286, 496, '14,57% ', 1, 1),
(2287, 496, '18,51% ', 1, 1),
(2288, 497, '-4,91% ', 0, 1),
(2289, 497, '5,17% ', 1, 1),
(2290, 497, '10,05% ', 0, 1),
(2291, 497, '15,74% ', 0, 1),
(2292, 497, '17,55% ', 0, 1),
(2293, 498, '1.010,25 ', 0, 1),
(2294, 498, '1.021,95 ', 1, 1),
(2295, 498, '1.040,35 ', 0, 1),
(2296, 498, '1.045,15 ', 0, 1),
(2297, 498, '1.050,25 ', 0, 1),
(2298, 499, '3,20 ', 0, 1),
(2299, 499, '3,75 ', 0, 1),
(2300, 499, '4,50 ', 0, 1),
(2301, 499, '4,88 ', 1, 1),
(2302, 499, '5,12 ', 0, 1),
(2303, 500, 'Obligasi A saja ', 1, 1),
(2304, 500, 'Obligasi B saja ', 0, 1),
(2305, 500, 'Obligasi A dan Obligasi B ', 0, 1),
(2306, 500, 'Obligasi A dan Obligasi B tidak meningkat ', 0, 1),
(2307, 500, 'Obligasi A dan Obligasi B tidak dapat dihitung ', 0, 1),
(2308, 501, 'overvalued ', 0, 1),
(2309, 501, 'undervalued ', 1, 1),
(2310, 501, 'harga saham sudah dinilai secara benar ', 0, 1),
(2311, 501, 'tidak dapat diestimasi ', 0, 1),
(2312, 501, 'overestimated ', 0, 1),
(2313, 509, '<p>0</p>\r\n', 1, 1),
(2314, 509, '<p>1</p>\r\n', 1, 1),
(2315, 509, '<p>2</p>\r\n', 1, 1),
(2316, 509, '<p>3</p>\r\n', 1, 1),
(2317, 509, '<p>4</p>\r\n', 1, 1),
(2318, 510, '<p>a</p>\r\n', 1, 1),
(2319, 510, '<p>b</p>\r\n', 1, 1),
(2320, 510, '<p>c</p>\r\n', 1, 1),
(2321, 510, '<p>d</p>\r\n', 1, 1),
(2322, 510, '<p>e</p>\r\n', 1, 1),
(2323, 511, '<ol>\r\n	<li>\r\n	<p>Uncollected income</p>\r\n	</li>\r\n</ol>\r\n', 0, 1),
(2324, 511, '<p>Deferred income</p>\r\n', 1, 1),
(2325, 511, '<p>Collected income</p>\r\n', 0, 1),
(2326, 511, '<p>Due income</p>\r\n', 0, 1),
(2327, 511, '<p>Accrued income</p>\r\n', 0, 1),
(2328, 512, '<p>100</p>\r\n', 0, 1),
(2329, 512, '<p>200</p>\r\n', 1, 1),
(2330, 512, '<p>1002</p>\r\n', 0, 1),
(2331, 512, '<p>1000</p>\r\n', 0, 1),
(2332, 513, '<p>A</p>\r\n', 0, 1),
(2333, 513, '<p>B</p>\r\n', 0, 1),
(2334, 513, '<p>C</p>\r\n', 0, 1),
(2335, 513, '<p>D</p>\r\n', 0, 1),
(2336, 513, '<p>E</p>\r\n', 1, 1),
(2337, 514, '<p>1</p>\r\n', 0, 1),
(2338, 514, '<p>2</p>\r\n', 0, 1),
(2339, 514, '<p>3</p>\r\n', 0, 1),
(2340, 514, '<p>4</p>\r\n', 0, 1),
(2341, 514, '<p>5</p>\r\n', 1, 1),
(2541, 572, '<p>1</p>\r\n', 0, 1),
(2542, 572, '<p>11</p>\r\n', 0, 1),
(2543, 572, '<p>111</p>\r\n', 1, 1),
(2544, 572, '<p>1111</p>\r\n', 0, 1),
(2545, 572, '<p>12</p>\r\n', 0, 1),
(2546, 586, '<p>1</p>\r\n', 0, 1),
(2547, 586, '<p>1</p>\r\n', 0, 1),
(2548, 586, '<p>1</p>\r\n', 0, 1),
(2549, 586, '<p>12</p>\r\n', 1, 1),
(2550, 586, '<p>212</p>\r\n', 0, 1),
(2551, 585, '<p>12</p>\r\n', 1, 1),
(2552, 585, '<p>122</p>\r\n', 0, 1),
(2553, 585, '<p>1`1</p>\r\n', 0, 1),
(2554, 585, '<p>2`12`</p>\r\n', 0, 1),
(2555, 584, '<p>121</p>\r\n', 0, 1),
(2556, 584, '<p>121</p>\r\n', 0, 1),
(2557, 584, '<p>12123</p>\r\n', 1, 1),
(2558, 584, '<p>rewer</p>\r\n', 0, 1),
(2559, 582, '<p>qwerew</p>\r\n', 0, 1),
(2560, 582, '<p>wrqwe</p>\r\n', 0, 1),
(2561, 582, '<p>csdfa</p>\r\n', 0, 1),
(2562, 582, '<p>dfewf</p>\r\n', 0, 1),
(2563, 582, '<p>ere</p>\r\n', 1, 1),
(2564, 581, '<p>1</p>\r\n', 0, 1),
(2565, 581, '<p>2</p>\r\n', 0, 1),
(2566, 581, '<p>3</p>\r\n', 0, 1),
(2567, 581, '<p>4</p>\r\n', 0, 1),
(2568, 581, '<p>5</p>\r\n', 1, 1),
(2569, 580, '<p>1</p>\r\n', 0, 1),
(2570, 580, '<p>2</p>\r\n', 0, 1),
(2571, 580, '<p>3</p>\r\n', 0, 1),
(2572, 580, '<p>4</p>\r\n', 0, 1),
(2573, 580, '<p>5</p>\r\n', 1, 1),
(2574, 579, '<p>er</p>\r\n', 0, 1),
(2575, 579, '<p>e</p>\r\n', 0, 1),
(2576, 579, '<p>r</p>\r\n', 0, 1),
(2577, 579, '<p>rf</p>\r\n', 1, 1),
(2578, 579, '<p>c</p>\r\n', 0, 1),
(2579, 578, '<p>1</p>\r\n', 0, 1),
(2580, 578, '<p>2</p>\r\n', 0, 1),
(2581, 578, '<p>3</p>\r\n', 0, 1),
(2582, 578, '<p>4</p>\r\n', 1, 1),
(2583, 578, '<p>5</p>\r\n', 0, 1),
(2584, 577, '<p>1q</p>\r\n', 0, 1),
(2585, 577, '<p>2fef</p>\r\n', 0, 1),
(2586, 577, '<p>ee</p>\r\n', 1, 1),
(2587, 577, '<p>ere</p>\r\n', 0, 1),
(2588, 577, '<p>f</p>\r\n', 0, 1),
(2589, 576, '<p>f</p>\r\n', 0, 1),
(2590, 576, '<p>f</p>\r\n', 0, 1),
(2591, 576, '<p>d</p>\r\n', 0, 1),
(2592, 576, '<p>e</p>\r\n', 1, 1),
(2593, 576, '<p>dw</p>\r\n', 0, 1),
(2594, 575, '<p>3</p>\r\n', 0, 1),
(2595, 575, '<p>r</p>\r\n', 0, 1),
(2596, 575, '<p>dd</p>\r\n', 0, 1),
(2597, 575, '<p>er2</p>\r\n', 1, 1),
(2598, 575, '<p>v</p>\r\n', 0, 1),
(2599, 574, '<p>cewfe</p>\r\n', 0, 1),
(2600, 574, '<p>wcfefc</p>\r\n', 0, 1),
(2601, 574, '<p>vvv</p>\r\n', 0, 1),
(2602, 574, '<p>erewr</p>\r\n', 1, 1),
(2603, 574, '<p>333</p>\r\n', 0, 1),
(2604, 573, '<p>sctg</p>\r\n', 0, 1),
(2605, 573, '<p>erwgfrq</p>\r\n', 0, 1),
(2606, 573, '<p>reqgrw</p>\r\n', 0, 1),
(2607, 573, '<p>qrqw</p>\r\n', 1, 1),
(2608, 573, '<p>qrf</p>\r\n', 0, 1),
(2609, 572, '<p>sdfsd</p>\r\n', 0, 1),
(2610, 572, '<p>casc</p>\r\n', 0, 1),
(2611, 572, '<p>qfr42</p>\r\n', 1, 1),
(2612, 572, '<p>24r4</p>\r\n', 0, 1),
(2613, 572, '<p>qwe</p>\r\n', 0, 1);

DROP TABLE IF EXISTS cbt_konfigurasi;
CREATE TABLE cbt_konfigurasi (
  konfigurasi_id int(11) NOT NULL,
  konfigurasi_kode varchar(50) NOT NULL,
  konfigurasi_isi varchar(50) NOT NULL,
  konfigurasi_keterangan varchar(100) NOT NULL
) ENGINE=InnoDB DEFAULT CHARSET=latin1;

INSERT INTO cbt_konfigurasi (konfigurasi_id, konfigurasi_kode, konfigurasi_isi, konfigurasi_keterangan) VALUES
(1, 'link_login_operator', 'tidak', 'Menampilkan Link Login Operator'),
(2, 'cbt_nama', 'Computer Based-Test', 'Nama Penyelenggara'),
(3, 'cbt_keterangan', 'Ujian Online Berbasis Komputer', 'Keterangan Penyelenggara'),
(4, 'cbt_kelulusan', '60', 'Nilai Minimal Lulus Dalam Mengerjakan Soal Ujian');

DROP TABLE IF EXISTS cbt_modul;
CREATE TABLE cbt_modul (
  modul_id bigint(20) UNSIGNED NOT NULL,
  modul_nama varchar(255) COLLATE utf8_unicode_ci NOT NULL,
  modul_aktif tinyint(1) NOT NULL DEFAULT '0'
) ENGINE=InnoDB DEFAULT CHARSET=utf8 COLLATE=utf8_unicode_ci;

INSERT INTO cbt_modul (modul_id, modul_nama, modul_aktif) VALUES
(1, 'UJIAN', 1),
(2, '', 2);

DROP TABLE IF EXISTS cbt_soal;
CREATE TABLE cbt_soal (
  soal_id bigint(20) UNSIGNED NOT NULL,
  soal_topik_id bigint(20) UNSIGNED NOT NULL,
  soal_detail text COLLATE utf8_unicode_ci NOT NULL,
  soal_tipe smallint(3) UNSIGNED NOT NULL DEFAULT '1' COMMENT '1=Pilihan ganda, 2=essay, 3=jawaban singkat, 4=lampiran',
  soal_kunci text COLLATE utf8_unicode_ci COMMENT 'Kunci untuk soal jawaban singkat',
  soal_difficulty smallint(6) NOT NULL DEFAULT '1',
  soal_aktif tinyint(1) NOT NULL DEFAULT '0',
  soal_audio varchar(200) COLLATE utf8_unicode_ci DEFAULT NULL,
  soal_audio_play int(11) NOT NULL DEFAULT '0',
  soal_timer smallint(10) DEFAULT NULL,
  soal_inline_answers tinyint(1) NOT NULL DEFAULT '0',
  soal_auto_next tinyint(1) NOT NULL DEFAULT '0',
  soal_maks_nilai_esai int(11) NOT NULL
) ENGINE=InnoDB DEFAULT CHARSET=utf8 COLLATE=utf8_unicode_ci;

INSERT INTO cbt_soal (soal_id, soal_topik_id, soal_detail, soal_tipe, soal_kunci, soal_difficulty, soal_aktif, soal_audio, soal_audio_play, soal_timer, soal_inline_answers, soal_auto_next, soal_maks_nilai_esai) VALUES
(23, 2, '<p>Diketahui tingkat bunga i&gt;0 dan m adalah bilangan bulat positif. Jika diberikan pernyataan-pernyataan berikut :<br />\r\n&delta;=ln⁡(1+i)<br />\r\ni&lt;i^((m))<br />\r\nd&lt;d^((m) )<br />\r\nd&lt;&delta;&lt;i<br />\r\nBerapa pernyataan yang benar?</p>\r\n', 1, '', 1, 1, NULL, 0, NULL, 0, 0, 1),
(24, 2, 'Sebuah investasi berkembang menjadi tiga kalinya dalam kurun waktu 18 tahun 6 bulan. Tentukan force of interest atas investasi ini. Bulatkan jawaban ke desimal terdekat.', 1, NULL, 1, 1, NULL, 0, NULL, 0, 0, 1),
(25, 2, '<p>PT Bank Makmur menerbitkan sebuah produk Deposito Mujur dengan fitur berikut:<br />\r\n&bull; Nasabah harus menempatkan dana selama kelipatan 1 tahun dan dana tidak boleh diambil di periode tersebut.<br />\r\n&bull; Tingkat bunga dasar sebesar 8% berlaku efektif per tahun.<br />\r\n&bull; Di setiap akhir 3 tahun, nasabah akan mendapatkan bonus sebesar 2% dari saldo pada tanggal pemberian bonus.<br />\r\n&bull; Bonus akan ditambahkan ke saldo deposito dan menerima bunga dasar.<br />\r\nDengan fitur di atas, tingkat bunga berapakah yang setara dengan produk tabungan di atas jika periode penempatan dana awal adalah 9 tahun? Bulatkan jawaban ke desimal terdekat.</p>\r\n', 1, '', 2, 1, NULL, 0, NULL, 0, 0, 1),
(26, 2, ' PT Tajir, sebuah perusahaan manajemen aset meluncurkan sebuah produk investasi yang memiliki fitur seperti berikut:<br /> Nasabah harus melakukan pembayaran berkala sebesar 1.000 setiap awal tahun selama 15 tahun.<br /> Produk memberikan tingkat bunga efektif 5% per tahun selama 5 tahun pertama dan efektif 8,5% per tahun selama 10 tahun berikutnya.<br /> Saldo investasi akan dipotong oleh PT Tajir sebesar X pada setiap awal tahun selama 5 tahun pertama sebagai biaya pengelolaan investasi.<br />Tentukan nilai X sedemikian sehingga nilai akumulasi di akhir 15 tahun akan sama dengan jika nasabah menginvestasikan besar uang yang sama setiap tahunnya dengan tingkat bunga efektif 7,5% per tahun. Bulatkan jawaban ke satuan terdekat.', 1, NULL, 1, 1, NULL, 0, NULL, 0, 0, 1),
(27, 2, 'Pak Dirman menabung sebesar 1 di setiap awal tahun selama n tahun. Tingkat bunga efektif adalah i per tahun. Tentukan total bunga yang diterima oleh pak Dirman di akhir tahun ke-n. ', 1, NULL, 1, 1, NULL, 0, NULL, 0, 0, 1),
(28, 2, ' Diberikan dua jenis anuitas seperti berikut:<br /> Anuitas n tahun yang memberikan pembayaran sebesar 8 di setiap akhir tahun. Nilai kini (present value) dari anuitas ini pada tingkat bunga i adalah 36,98.<br /> Anuitas 2n tahun yang memberikan pembayaran sebesar 10 di setiap akhir tahun. Nilai kini (present value) dari anuitas ini pada tingkat bunga i adalah 75,36.<br />Dengan menggunakan tingkat bunga i yang sama, sebuah anuitas akan membayarkan 3 pada akhir tahun 1,2,…, dan n; lalu membayarkan 1 pada akhir tahun n+1,n+2,…, dan 2n. Tentukan nilai kini dari anuitas ini.', 1, NULL, 1, 1, NULL, 0, NULL, 0, 0, 1),
(29, 2, 'Sebuah perpetuitas memberikan pembayaran sebesar 1.500 terhitung satu tahun dari sekarang. Pembayaran berikutnya akan lebih besar 8% dari pembayaran sebelumnya. Jika nilai kini (present value) dari perpetuitas ini adalah 60.000, maka tentukan tingkat bunga yang sesuai.', 1, NULL, 1, 1, NULL, 0, NULL, 0, 0, 1),
(30, 2, 'Bapak Sutrisno meminjam uang sebesar 50.000 yang rencananya akan dicicil selama 15 tahun dengan pembayaran sebesar 6000 di setiap akhir tahun. Setelah melakukan pembayaran selama 7 tahun, pak Sutrisno membuat kesepakatan dengan peminjam untuk hanya membayar sebesar 3000 selama beberapa tahun berikutnya. Pada akhir tahun ke-10 (setelah pembayaran cicilan), pak Sutrisno memutuskan untuk kembali melanjutkan cicilan dengan mengubah besar cicilannya sehingga cukup untuk melunaskan hutangnya pada akhir tahun ke-15. Berapa besar cicilan barunya? Bulatkan jawaban ke ratusan terdekat.', 1, NULL, 1, 1, NULL, 0, NULL, 0, 0, 1),
(31, 2, 'Suatu hutang dibayar dengan cicilan tetap setiap akhir tahun selama 20 tahun. Sisa hutang setelah pembayaran ke-5, 6, dan 7 berturut-turut adalah 3.487,21; 3.358,77; dan 3.220,07. Tentukan besar porsi bunga yang dibayarkan pada pembayaran ke-16. Bulatkan jawaban ke satuan terdekat.', 1, NULL, 1, 1, NULL, 0, NULL, 0, 0, 1),
(32, 2, '<p>Suatu hutang sebesar 10.000 memiliki tingkat bunga nominal 12% yang dikonversikan bulanan. Pokok hutang akan dibayar selama 15 tahun dengan sinking fund yang memberikan tingkat bunga nominal 9% yang dikonversikan bulanan. Jika pembayaran bunga dan sinking fund dilakukan di setiap akhir bulan, tentukan total semua pembayaran yang diperlukan setiap tahunnya. Bulatkan jawaban ke satuan terdekat.</p>\r\n', 1, '', 2, 1, NULL, 0, NULL, 0, 0, 1),
(33, 2, '<p>Pak Jarwo meminjam uang sebesar 80.000 yang akan dilunasi dalam 12 tahun dan dikenai tingkat bunga tahunan efektif 4%. Setiap akhir tahun pak Jarwo dapat menyisihkan uang sebesar 8.000 yang digunakan untuk membayar bunga dari hutang dan sisanya dialokasikan ke dalam dua sinking funds yang masing-masing memberikan bunga 5% dan 6%. Jika alokasi uang untuk bunga dan kedua sinking fund adalah tetap setiap tahunnya sedemikian sehingga hutang dapat dilunasi tanpa kelebihan atau kekurangan dana pada sinking fund, maka tentukan alokasi tahunan ke sinking fund yang memberikan bunga 5%.</p>\r\n', 1, '', 2, 1, NULL, 0, NULL, 0, 0, 1),
(34, 2, '<p>Sebuah obligasi 10 tahun memiliki nilai par 1.000 dan memberikan kupon yang dibayarkan setiap setengah tahun dengan tingat kupon 7%. Nilai penebusan obligasi ini adalah 1050. Tentukan harga dari obligasi ini jika tingkat imbal hasil (yield rate) dari obligasi ini adalah 8% dikonversikan semesteran. Bulatkan jawaban ke satuan terdekat</p>\r\n', 1, '', 2, 1, NULL, 0, NULL, 0, 0, 1),
(35, 2, '<p>Mula-mula dua buah obligasi 10 tahun dan 12 tahun dengan nilai penebusan yang sama dihargai dengan tingkat imbal hasil (yield rate) yang sama. Tingkat imbal hasil (yield rate) pasar kemudian naik sebesar 1% sedemikian sehingga harga obligasi pertama dan kedua berubah sebesar D_1% dan D_2% berturut-turut dari harga mula-mula. Tentukan hubungan antara D_1 dan D_2.<br />\r\nCatatan: |x| adalah nilai mutlak dari x</p>\r\n', 1, '', 2, 1, NULL, 0, NULL, 0, 0, 1),
(36, 3, ' Diketahui tingkat bunga i&gt;0 dan m adalah bilangan bulat positif. Jika diberikan pernyataan-pernyataan berikut :<br /> δ=ln⁡(1+i)<br /> i&lt;i^((m))<br /> d&lt;d^((m) )<br /> d&lt;δ&lt;i<br />Berapa pernyataan yang benar', 1, NULL, 1, 1, NULL, 0, NULL, 0, 0, 1),
(39, 2, '<p>sebutkan 2 jenis anuitas</p>\r\n', 2, '', 1, 1, NULL, 0, NULL, 0, 0, 0),
(40, 2, '<p>jelaskan pengertian obligasi</p>\r\n', 2, '', 1, 1, NULL, 0, NULL, 0, 0, 0),
(41, 2, '<p>jelaskan mengenai surat hutang</p>\r\n\r\n<p><img src=\"[base_url]uploads/topik_2/aktuaris.png\" /></p>\r\n', 2, '', 1, 1, NULL, 0, NULL, 0, 0, 0),
(42, 14, 'Salah satu aplikasi simulator jaringan adalah ....', 1, NULL, 1, 1, NULL, 0, NULL, 0, 0, 1),
(43, 14, 'Simbol switch pada Cisco Packet Tracer adalah ....', 1, NULL, 1, 1, NULL, 0, NULL, 0, 0, 1),
(44, 14, 'Perintah pada cmd yang digunakan untuk mengecek konfigurasi IP Address adalah ....', 1, NULL, 1, 1, NULL, 0, NULL, 0, 0, 1),
(45, 14, 'Perhatikan Gambar berikut !<br /><br /><br />Apa yang terjadi pada host tujuan proses ping diatas ?', 1, NULL, 1, 1, NULL, 0, NULL, 0, 0, 1),
(46, 14, 'Panjang bit IPv4 adalah ....', 1, NULL, 1, 1, NULL, 0, NULL, 0, 0, 1),
(47, 14, 'Panjang bit IPv6 adalah ....', 1, NULL, 1, 1, NULL, 0, NULL, 0, 0, 1),
(48, 14, 'Layer pada lapisan OSI yang menangani IP Address adalah ....', 1, NULL, 1, 1, NULL, 0, NULL, 0, 0, 1),
(49, 14, 'Sebuah alamat jaringan yang diimplementasikan pada lapisan data-link adalah ....', 1, NULL, 1, 1, NULL, 0, NULL, 0, 0, 1),
(50, 14, 'Perintah yang digunakan untuk mengecek apakah Host tujuan dapat dihubungi atau tidak adalah ....', 1, NULL, 1, 1, NULL, 0, NULL, 0, 0, 1),
(51, 14, 'Subnet mask default untuk IP Address kelas A adalah ....', 1, NULL, 1, 1, NULL, 0, NULL, 0, 0, 1),
(52, 14, 'Subnet mask default untuk IP Address kelas C adalah ....', 1, NULL, 1, 1, NULL, 0, NULL, 0, 0, 1),
(53, 14, 'Kelas pada IPv4 yang memiliki jumlah Host ID terbanyak adalah ...', 1, NULL, 1, 1, NULL, 0, NULL, 0, 0, 1),
(79, 2, '<p>essai 1</p>\r\n', 2, '', 1, 1, NULL, 0, NULL, 0, 0, 0),
(80, 2, '<p>essai 2</p>\r\n', 2, '', 1, 1, NULL, 0, NULL, 0, 0, 0),
(81, 2, '<p>essai 3</p>\r\n', 2, '', 1, 1, NULL, 0, NULL, 0, 0, 30),
(82, 2, '<p>essai 4</p>\r\n', 2, '', 1, 1, NULL, 0, NULL, 0, 0, 30),
(83, 2, '<p>essai 5</p>\r\n', 2, '', 1, 1, NULL, 0, NULL, 0, 0, 25),
(84, 2, '<p>siapakah presiden ri saat ini</p>\r\n\r\n<p>&nbsp;</p>\r\n', 1, '', 1, 1, NULL, 0, NULL, 0, 0, 1),
(313, 20, '<p><img src=\"[base_url]uploads/topik_20/a70-pemodelan_dan_teori_risiko_-_nov19.jpg\" /></p>\r\n', 2, '', 1, 1, NULL, 0, NULL, 0, 0, 0),
(314, 20, '<p><img src=\"[base_url]uploads/topik_20/hal2.jpg\" /></p>\r\n', 2, '', 1, 1, NULL, 0, NULL, 0, 0, 0),
(315, 20, '<p><img src=\"[base_url]uploads/topik_20/hal3.jpg\" /></p>\r\n', 2, '', 1, 1, NULL, 0, NULL, 0, 0, 0),
(316, 20, '<p><img src=\"[base_url]uploads/topik_20/hal4.jpg\" /></p>\r\n', 2, '', 1, 1, NULL, 0, NULL, 0, 0, 0),
(325, 4, 'Misalkan kurva permintaan atas suatu barang direpresentasikan oleh persamaan Q = 10 − 2P + Ps, dimana P adalah harga barang tersebut dan Ps adalah harga barang substitusi. Diketahui harga barang substitusi sebesar 2.00.<br /><br />Jika P = 1.00, berapakah elastisitas harga dan elastisitas silang atas permintaan ?', 1, NULL, 1, 1, NULL, 0, NULL, 0, 0, 1),
(326, 4, 'Misalkan kurva permintaan atas suatu barang direpresentasikan oleh persamaan Q = 10 − 2P + Ps, dimana P adalah harga barang tersebut dan Ps adalah harga barang substitusi. Diketahui harga barang substitusi sebesar 2.00.<br /><br />Jika harga barang naik menjadi P = 2.00, berapakah elastisitas harga dan elastisitas silang atas permintaan ?', 1, NULL, 1, 1, NULL, 0, NULL, 0, 0, 1),
(327, 4, 'Biaya yang timbul akibat sumber daya yang dialokasikan secara berlebihan (overallocated) atas produksi suatu barang, disebut ?', 1, NULL, 1, 1, NULL, 0, NULL, 0, 0, 1),
(328, 4, 'Dalam taksonomi pasar, jika suatu pasar memiliki banyak penjual dan banyak pembeli atas barang dan/atau jasa yang homogen, maka pasar tersebut dikenal dengan istilah:', 1, NULL, 1, 1, NULL, 0, NULL, 0, 0, 1),
(329, 4, 'Pada tahun 1998, total permintaan Amerika Serikat akan gandum adalah Q = 3244 – 283P dan penawaran dalam negeri AS akan gandum adalah Qs = 1944 + 207P. Pada akhir tahun 1998, Brazil dan Indonesia membuka pasar gandumnya kepada petani AS. Pasar baru ini menambah permintaan gandum di AS sebesar 200 juta gantang (bushels). Berapakah harga gandum di pasar bebas AS dan berapa banyak gandum yang akan dijual oleh petani AS?', 1, NULL, 1, 1, NULL, 0, NULL, 0, 0, 1),
(330, 4, 'Jika fungsi permintaan dinyatakan dalam persamaan Qd = 40 – 2P, berapakah besarnya surplus konsumen (consumer surplus) pada harga Rp. 10 ?', 1, NULL, 1, 1, NULL, 0, NULL, 0, 0, 1),
(331, 4, 'Situasi dimana tidak ada perdagangan diantara negara-negara, dikenal dengan istilah:', 1, NULL, 1, 1, NULL, 0, NULL, 0, 0, 1),
(332, 4, 'Ujang dan Heni keduanya penggemar es krim. Pada harga Rp. 0, permintaan Ujang akan es krim sebesar 10 scoop per minggu. Ketika harga es krim naik 1 rupiah, permintaan Ujang turun sebanyak 2 scoop per minggu. Permintaan Heni akan es krim pada harga Rp. 0 sebesar 2 scoop per hari. Ketika harga es krim naik 1 rupiah, permintaan Heni turun sebanyak 1 scoop per hari. Diasumsikan permintaan Ujang dan Heni dapat direpresentasikan oleh fungsi permintaan linier. Warung es krim langganan Ujang dan Heni, bernama iScream, tidak akan menjual es krim dengan harga Rp. 0. Ketika harga es krim naik sebesar 1 rupiah, iScream akan meningkatkan penawarannya sebanyak 15 scoop per minggu. Diasumsikan penawaran iScream dapat direpresentasikan oleh fungsi penawaran linier.<br /><br />Pada harga berapakah, kondisi ekuilibrium tercapai:', 1, NULL, 1, 1, NULL, 0, NULL, 0, 0, 1),
(333, 4, 'Ujang dan Heni keduanya penggemar es krim. Pada harga Rp. 0, permintaan Ujang akan es krim sebesar 10 scoop per minggu. Ketika harga es krim naik 1 rupiah, permintaan Ujang turun sebanyak 2 scoop per minggu. Permintaan Heni akan es krim pada harga Rp. 0 sebesar 2 scoop per hari. Ketika harga es krim naik 1 rupiah, permintaan Heni turun sebanyak 1 scoop per hari. Diasumsikan permintaan Ujang dan Heni dapat direpresentasikan oleh fungsi permintaan linier. Warung es krim langganan Ujang dan Heni, bernama iScream, tidak akan menjual es krim dengan harga Rp. 0. Ketika harga es krim naik sebesar 1 rupiah, iScream akan meningkatkan penawarannya sebanyak 15 scoop per minggu. Diasumsikan penawaran iScream dapat direpresentasikan oleh fungsi penawaran linier.<br /><br />Pada kondisi ekuilibrium, jumlah penawaran es krim sebesar ?', 1, NULL, 1, 1, NULL, 0, NULL, 0, 0, 1),
(334, 4, 'Ujang dan Heni keduanya penggemar es krim. Pada harga Rp. 0, permintaan Ujang akan es krim sebesar 10 scoop per minggu. Ketika harga es krim naik 1 rupiah, permintaan Ujang turun sebanyak 2 scoop per minggu. Permintaan Heni akan es krim pada harga Rp. 0 sebesar 2 scoop per hari. Ketika harga es krim naik 1 rupiah, permintaan Heni turun sebanyak 1 scoop per hari. Diasumsikan permintaan Ujang dan Heni dapat direpresentasikan oleh fungsi permintaan linier. Warung es krim langganan Ujang dan Heni, bernama iScream, tidak akan menjual es krim dengan harga Rp. 0. Ketika harga es krim naik sebesar 1 rupiah, iScream akan meningkatkan penawarannya sebanyak 15 scoop per minggu. Diasumsikan penawaran iScream dapat direpresentasikan oleh fungsi penawaran linier.<br /><br />Bagi Heni, es krim tersebut termasuk dalam jenis barang:', 1, NULL, 1, 1, NULL, 0, NULL, 0, 0, 1),
(335, 4, 'Jika pasar tenaga kerja monopsony tiba-tiba berubah menjadi pasar tenaga kerja yang kompetitif sempurna (perfectly competitive), apa yang akan terjadi pada tingkat upah (wage) dan penyerapan tenaga kerja (employment) ?<br />', 1, NULL, 1, 1, NULL, 0, NULL, 0, 0, 1),
(336, 4, 'Apabila diketahui fungsi permintaan (Qd) dan penawaran (Qs), dimana: <br />Qd =110–P<br />Qs =4P–150<br />Jika pada pasar ini pemerintah menetapkan harga jual produk sebesar Rp. 50 per unit, maka dapat dikatakan pemerintah sedang menerapkan kebijakan:<br />', 1, NULL, 1, 1, NULL, 0, NULL, 0, 0, 1),
(337, 4, 'Alokasi sejumlah sumber daya, barang dan jasa dikatakan efisien secara Pareto (Pareto-<br />efficient) jika efisien dalam:', 1, NULL, 1, 1, NULL, 0, NULL, 0, 0, 1),
(338, 4, 'Jika fungsi permintaan pada pasar persaingan sempurna dinyatakan dengan P = 93 – 1,5Q (untuk Q ≤ 62) dan struktur biaya jangka panjang untuk setiap perusahaan adalah:<br />Biaya Total : 256 + 2Q + 4Q2<br />Biaya Rata-Rata  : 256/Q + 2 + 4Q<br />Biaya Marjinal : 2 + 8Q<br /><br />Perusahaan baru (new companies) akan memasuki pasar pada harga berapapun yang lebih besar dari:', 1, NULL, 1, 1, NULL, 0, NULL, 0, 0, 1),
(339, 4, 'Berdasarkan rivalitas (rivalrous) dan pengecualian (excludability) dalam penggunaannya, jika suatu barang memiliki karakteristik nonrival dan nonexcludable sekaligus, maka barang tersebut termasuk dalam jenis:', 1, NULL, 1, 1, NULL, 0, NULL, 0, 0, 1),
(340, 4, 'Bila α = 1⁄2 dan β = 3⁄4 untuk fungsi produksi Cobb-Douglas, maka hasil lebih atas skala produksinya bersifat:', 1, NULL, 1, 1, NULL, 0, NULL, 0, 0, 1),
(341, 4, 'Diketahui fungsi utilitas konsumen ', 1, NULL, 1, 1, NULL, 0, NULL, 0, 0, 1),
(342, 4, 'Jika suatu pasar diatur oleh sebuah kartel, maka besar kemungkinannya: ', 1, NULL, 1, 1, NULL, 0, NULL, 0, 0, 1),
(343, 4, 'Ketika produksi atau konsumsi suatu barang menyebabkan terjadinya eksternalitas positif (positive externalities), hal tersebut dianggap sebagai sebuah kegagalan pasar (market failure), karena pada kuantitas yang tersedia di pasar (market quantity):', 1, NULL, 1, 1, NULL, 0, NULL, 0, 0, 1),
(344, 4, 'Bila fungsi permintaan adalah Q = 12 – P, berapakah MR (marginal revenue) jika P sebesar 10?', 1, NULL, 1, 1, NULL, 0, NULL, 0, 0, 1),
(345, 4, '<table border=\"1\" cellspacing=\"0\">\r\n	<tbody>\r\n		<tr>\r\n			<td style=\"vertical-align:top; width:184.05pt\">\r\n			<p>Item</p>\r\n			</td>\r\n			<td style=\"vertical-align:top; width:70.85pt\">\r\n			<p style=\"text-align:center\">Simbol</p>\r\n			</td>\r\n			<td style=\"vertical-align:top; width:100.5pt\">\r\n			<p style=\"text-align:center\">(Triliun Rupiah)</p>\r\n			</td>\r\n		</tr>\r\n		<tr>\r\n			<td style=\"height:15.55pt; vertical-align:top; width:184.05pt\">\r\n			<p>Upah tenaga kerja</p>\r\n			</td>\r\n			<td style=\"height:15.55pt; vertical-align:top; width:70.85pt\">\r\n			<p style=\"text-align:center\">W</p>\r\n			</td>\r\n			<td style=\"height:15.55pt; vertical-align:top; width:100.5pt\">\r\n			<p style=\"text-align:center\">1600</p>\r\n			</td>\r\n		</tr>\r\n		<tr>\r\n			<td style=\"vertical-align:top; width:184.05pt\">\r\n			<p>Pengeluaran konsumsi</p>\r\n			</td>\r\n			<td style=\"vertical-align:top; width:70.85pt\">\r\n			<p style=\"text-align:center\">C</p>\r\n			</td>\r\n			<td style=\"vertical-align:top; width:100.5pt\">\r\n			<p style=\"text-align:center\">1350</p>\r\n			</td>\r\n		</tr>\r\n		<tr>\r\n			<td style=\"vertical-align:top; width:184.05pt\">\r\n			<p>Pajak rumah tangga</p>\r\n			</td>\r\n			<td style=\"vertical-align:top; width:70.85pt\">\r\n			<p style=\"text-align:center\">T<sub>x(d)</sub></p>\r\n			</td>\r\n			<td style=\"vertical-align:top; width:100.5pt\">\r\n			<p style=\"text-align:center\">400</p>\r\n			</td>\r\n		</tr>\r\n		<tr>\r\n			<td style=\"vertical-align:top; width:184.05pt\">\r\n			<p>Subsidi</p>\r\n			</td>\r\n			<td style=\"vertical-align:top; width:70.85pt\">\r\n			<p style=\"text-align:center\">T<sub>r</sub></p>\r\n			</td>\r\n			<td style=\"vertical-align:top; width:100.5pt\">\r\n			<p style=\"text-align:center\">100</p>\r\n			</td>\r\n		</tr>\r\n		<tr>\r\n			<td style=\"vertical-align:top; width:184.05pt\">\r\n			<p>Total laba perusahaan</p>\r\n			</td>\r\n			<td style=\"vertical-align:top; width:70.85pt\">\r\n			<p style=\"text-align:center\">P</p>\r\n			</td>\r\n			<td style=\"vertical-align:top; width:100.5pt\">\r\n			<p style=\"text-align:center\">400</p>\r\n			</td>\r\n		</tr>\r\n		<tr>\r\n			<td style=\"vertical-align:top; width:184.05pt\">\r\n			<p>Laba ditahan</p>\r\n			</td>\r\n			<td style=\"vertical-align:top; width:70.85pt\">\r\n			<p style=\"text-align:center\">P<sub>r</sub></p>\r\n			</td>\r\n			<td style=\"vertical-align:top; width:100.5pt\">\r\n			<p style=\"text-align:center\">100</p>\r\n			</td>\r\n		</tr>\r\n		<tr>\r\n			<td style=\"vertical-align:top; width:184.05pt\">\r\n			<p>Investasi</p>\r\n			</td>\r\n			<td style=\"vertical-align:top; width:70.85pt\">\r\n			<p style=\"text-align:center\"><em>l</em></p>\r\n			</td>\r\n			<td style=\"vertical-align:top; width:100.5pt\">\r\n			<p style=\"text-align:center\">500</p>\r\n			</td>\r\n		</tr>\r\n		<tr>\r\n			<td style=\"vertical-align:top; width:184.05pt\">\r\n			<p>Pendapatan bunga</p>\r\n			</td>\r\n			<td style=\"vertical-align:top; width:70.85pt\">\r\n			<p style=\"text-align:center\"><em>I</em></p>\r\n			</td>\r\n			<td style=\"vertical-align:top; width:100.5pt\">\r\n			<p style=\"text-align:center\">200</p>\r\n			</td>\r\n		</tr>\r\n		<tr>\r\n			<td style=\"vertical-align:top; width:184.05pt\">\r\n			<p>Penerimaan sewa</p>\r\n			</td>\r\n			<td style=\"vertical-align:top; width:70.85pt\">\r\n			<p style=\"text-align:center\"><em>r</em></p>\r\n			</td>\r\n			<td style=\"vertical-align:top; width:100.5pt\">\r\n			<p style=\"text-align:center\">80</p>\r\n			</td>\r\n		</tr>\r\n		<tr>\r\n			<td style=\"vertical-align:top; width:184.05pt\">\r\n			<p>Pajak perusahaan</p>\r\n			</td>\r\n			<td style=\"vertical-align:top; width:70.85pt\">\r\n			<p style=\"text-align:center\">T<sub>x(id)</sub></p>\r\n			</td>\r\n			<td style=\"vertical-align:top; width:100.5pt\">\r\n			<p style=\"text-align:center\">100</p>\r\n			</td>\r\n		</tr>\r\n		<tr>\r\n			<td style=\"vertical-align:top; width:184.05pt\">\r\n			<p>Pengeluaran (belanja) Pemerintah</p>\r\n			</td>\r\n			<td style=\"vertical-align:top; width:70.85pt\">\r\n			<p style=\"text-align:center\">G</p>\r\n			</td>\r\n			<td style=\"vertical-align:top; width:100.5pt\">\r\n			<p style=\"text-align:center\">400</p>\r\n			</td>\r\n		</tr>\r\n		<tr>\r\n			<td style=\"vertical-align:top; width:184.05pt\">\r\n			<p>Ekspor barang dan jasa</p>\r\n			</td>\r\n			<td style=\"vertical-align:top; width:70.85pt\">\r\n			<p style=\"text-align:center\">X</p>\r\n			</td>\r\n			<td style=\"vertical-align:top; width:100.5pt\">\r\n			<p style=\"text-align:center\">450</p>\r\n			</td>\r\n		</tr>\r\n		<tr>\r\n			<td style=\"vertical-align:top; width:184.05pt\">\r\n			<p>Impor barang dan jasa</p>\r\n			</td>\r\n			<td style=\"vertical-align:top; width:70.85pt\">\r\n			<p style=\"text-align:center\">M</p>\r\n			</td>\r\n			<td style=\"vertical-align:top; width:100.5pt\">\r\n			<p style=\"text-align:center\">320</p>\r\n			</td>\r\n		</tr>\r\n		<tr>\r\n			<td style=\"vertical-align:top; width:184.05pt\">\r\n			<p>Penyusutan</p>\r\n			</td>\r\n			<td style=\"vertical-align:top; width:70.85pt\">\r\n			<p style=\"text-align:center\">D</p>\r\n			</td>\r\n			<td style=\"vertical-align:top; width:100.5pt\">\r\n			<p style=\"text-align:center\">100</p>\r\n			</td>\r\n		</tr>\r\n	</tbody>\r\n</table>\r\n\r\n<p>Berdasarkan tabel tersebut di atas, berapakah besarnya Produk Domestik Bruto (PDB) pada harga pasar ?</p>\r\n', 1, '', 1, 1, NULL, 0, NULL, 0, 0, 1),
(346, 4, '<table border=\"1\" cellspacing=\"0\">\r\n	<tbody>\r\n		<tr>\r\n			<td style=\"vertical-align:top; width:184.05pt\">\r\n			<p>Item</p>\r\n			</td>\r\n			<td style=\"vertical-align:top; width:70.85pt\">\r\n			<p style=\"text-align:center\">Simbol</p>\r\n			</td>\r\n			<td style=\"vertical-align:top; width:100.5pt\">\r\n			<p style=\"text-align:center\">(Triliun Rupiah)</p>\r\n			</td>\r\n		</tr>\r\n		<tr>\r\n			<td style=\"height:15.55pt; vertical-align:top; width:184.05pt\">\r\n			<p>Upah tenaga kerja</p>\r\n			</td>\r\n			<td style=\"height:15.55pt; vertical-align:top; width:70.85pt\">\r\n			<p style=\"text-align:center\">W</p>\r\n			</td>\r\n			<td style=\"height:15.55pt; vertical-align:top; width:100.5pt\">\r\n			<p style=\"text-align:center\">1600</p>\r\n			</td>\r\n		</tr>\r\n		<tr>\r\n			<td style=\"vertical-align:top; width:184.05pt\">\r\n			<p>Pengeluaran konsumsi</p>\r\n			</td>\r\n			<td style=\"vertical-align:top; width:70.85pt\">\r\n			<p style=\"text-align:center\">C</p>\r\n			</td>\r\n			<td style=\"vertical-align:top; width:100.5pt\">\r\n			<p style=\"text-align:center\">1350</p>\r\n			</td>\r\n		</tr>\r\n		<tr>\r\n			<td style=\"vertical-align:top; width:184.05pt\">\r\n			<p>Pajak rumah tangga</p>\r\n			</td>\r\n			<td style=\"vertical-align:top; width:70.85pt\">\r\n			<p style=\"text-align:center\">T<sub>x(d)</sub></p>\r\n			</td>\r\n			<td style=\"vertical-align:top; width:100.5pt\">\r\n			<p style=\"text-align:center\">400</p>\r\n			</td>\r\n		</tr>\r\n		<tr>\r\n			<td style=\"vertical-align:top; width:184.05pt\">\r\n			<p>Subsidi</p>\r\n			</td>\r\n			<td style=\"vertical-align:top; width:70.85pt\">\r\n			<p style=\"text-align:center\">T<sub>r</sub></p>\r\n			</td>\r\n			<td style=\"vertical-align:top; width:100.5pt\">\r\n			<p style=\"text-align:center\">100</p>\r\n			</td>\r\n		</tr>\r\n		<tr>\r\n			<td style=\"vertical-align:top; width:184.05pt\">\r\n			<p>Total laba perusahaan</p>\r\n			</td>\r\n			<td style=\"vertical-align:top; width:70.85pt\">\r\n			<p style=\"text-align:center\">P</p>\r\n			</td>\r\n			<td style=\"vertical-align:top; width:100.5pt\">\r\n			<p style=\"text-align:center\">400</p>\r\n			</td>\r\n		</tr>\r\n		<tr>\r\n			<td style=\"vertical-align:top; width:184.05pt\">\r\n			<p>Laba ditahan</p>\r\n			</td>\r\n			<td style=\"vertical-align:top; width:70.85pt\">\r\n			<p style=\"text-align:center\">P<sub>r</sub></p>\r\n			</td>\r\n			<td style=\"vertical-align:top; width:100.5pt\">\r\n			<p style=\"text-align:center\">100</p>\r\n			</td>\r\n		</tr>\r\n		<tr>\r\n			<td style=\"vertical-align:top; width:184.05pt\">\r\n			<p>Investasi</p>\r\n			</td>\r\n			<td style=\"vertical-align:top; width:70.85pt\">\r\n			<p style=\"text-align:center\"><em>l</em></p>\r\n			</td>\r\n			<td style=\"vertical-align:top; width:100.5pt\">\r\n			<p style=\"text-align:center\">500</p>\r\n			</td>\r\n		</tr>\r\n		<tr>\r\n			<td style=\"vertical-align:top; width:184.05pt\">\r\n			<p>Pendapatan bunga</p>\r\n			</td>\r\n			<td style=\"vertical-align:top; width:70.85pt\">\r\n			<p style=\"text-align:center\"><em>I</em></p>\r\n			</td>\r\n			<td style=\"vertical-align:top; width:100.5pt\">\r\n			<p style=\"text-align:center\">200</p>\r\n			</td>\r\n		</tr>\r\n		<tr>\r\n			<td style=\"vertical-align:top; width:184.05pt\">\r\n			<p>Penerimaan sewa</p>\r\n			</td>\r\n			<td style=\"vertical-align:top; width:70.85pt\">\r\n			<p style=\"text-align:center\"><em>r</em></p>\r\n			</td>\r\n			<td style=\"vertical-align:top; width:100.5pt\">\r\n			<p style=\"text-align:center\">80</p>\r\n			</td>\r\n		</tr>\r\n		<tr>\r\n			<td style=\"vertical-align:top; width:184.05pt\">\r\n			<p>Pajak perusahaan</p>\r\n			</td>\r\n			<td style=\"vertical-align:top; width:70.85pt\">\r\n			<p style=\"text-align:center\">T<sub>x(id)</sub></p>\r\n			</td>\r\n			<td style=\"vertical-align:top; width:100.5pt\">\r\n			<p style=\"text-align:center\">100</p>\r\n			</td>\r\n		</tr>\r\n		<tr>\r\n			<td style=\"vertical-align:top; width:184.05pt\">\r\n			<p>Pengeluaran (belanja) Pemerintah</p>\r\n			</td>\r\n			<td style=\"vertical-align:top; width:70.85pt\">\r\n			<p style=\"text-align:center\">G</p>\r\n			</td>\r\n			<td style=\"vertical-align:top; width:100.5pt\">\r\n			<p style=\"text-align:center\">400</p>\r\n			</td>\r\n		</tr>\r\n		<tr>\r\n			<td style=\"vertical-align:top; width:184.05pt\">\r\n			<p>Ekspor barang dan jasa</p>\r\n			</td>\r\n			<td style=\"vertical-align:top; width:70.85pt\">\r\n			<p style=\"text-align:center\">X</p>\r\n			</td>\r\n			<td style=\"vertical-align:top; width:100.5pt\">\r\n			<p style=\"text-align:center\">450</p>\r\n			</td>\r\n		</tr>\r\n		<tr>\r\n			<td style=\"vertical-align:top; width:184.05pt\">\r\n			<p>Impor barang dan jasa</p>\r\n			</td>\r\n			<td style=\"vertical-align:top; width:70.85pt\">\r\n			<p style=\"text-align:center\">M</p>\r\n			</td>\r\n			<td style=\"vertical-align:top; width:100.5pt\">\r\n			<p style=\"text-align:center\">320</p>\r\n			</td>\r\n		</tr>\r\n		<tr>\r\n			<td style=\"vertical-align:top; width:184.05pt\">\r\n			<p>Penyusutan</p>\r\n			</td>\r\n			<td style=\"vertical-align:top; width:70.85pt\">\r\n			<p style=\"text-align:center\">D</p>\r\n			</td>\r\n			<td style=\"vertical-align:top; width:100.5pt\">\r\n			<p style=\"text-align:center\">100</p>\r\n			</td>\r\n		</tr>\r\n	</tbody>\r\n</table>\r\n\r\n<p>Berdasarkan tabel tersebut di atas, berapakah besarnya perubahan kekayaan bersih pada sektor swasta (private sector) ?</p>\r\n', 1, '', 1, 1, NULL, 0, NULL, 0, 0, 1),
(347, 4, '<table border=\"1\" cellspacing=\"0\">\r\n	<tbody>\r\n		<tr>\r\n			<td style=\"vertical-align:top; width:184.05pt\">\r\n			<p>Item</p>\r\n			</td>\r\n			<td style=\"vertical-align:top; width:70.85pt\">\r\n			<p style=\"text-align:center\">Simbol</p>\r\n			</td>\r\n			<td style=\"vertical-align:top; width:100.5pt\">\r\n			<p style=\"text-align:center\">(Triliun Rupiah)</p>\r\n			</td>\r\n		</tr>\r\n		<tr>\r\n			<td style=\"height:15.55pt; vertical-align:top; width:184.05pt\">\r\n			<p>Upah tenaga kerja</p>\r\n			</td>\r\n			<td style=\"height:15.55pt; vertical-align:top; width:70.85pt\">\r\n			<p style=\"text-align:center\">W</p>\r\n			</td>\r\n			<td style=\"height:15.55pt; vertical-align:top; width:100.5pt\">\r\n			<p style=\"text-align:center\">1600</p>\r\n			</td>\r\n		</tr>\r\n		<tr>\r\n			<td style=\"vertical-align:top; width:184.05pt\">\r\n			<p>Pengeluaran konsumsi</p>\r\n			</td>\r\n			<td style=\"vertical-align:top; width:70.85pt\">\r\n			<p style=\"text-align:center\">C</p>\r\n			</td>\r\n			<td style=\"vertical-align:top; width:100.5pt\">\r\n			<p style=\"text-align:center\">1350</p>\r\n			</td>\r\n		</tr>\r\n		<tr>\r\n			<td style=\"vertical-align:top; width:184.05pt\">\r\n			<p>Pajak rumah tangga</p>\r\n			</td>\r\n			<td style=\"vertical-align:top; width:70.85pt\">\r\n			<p style=\"text-align:center\">T<sub>x(d)</sub></p>\r\n			</td>\r\n			<td style=\"vertical-align:top; width:100.5pt\">\r\n			<p style=\"text-align:center\">400</p>\r\n			</td>\r\n		</tr>\r\n		<tr>\r\n			<td style=\"vertical-align:top; width:184.05pt\">\r\n			<p>Subsidi</p>\r\n			</td>\r\n			<td style=\"vertical-align:top; width:70.85pt\">\r\n			<p style=\"text-align:center\">T<sub>r</sub></p>\r\n			</td>\r\n			<td style=\"vertical-align:top; width:100.5pt\">\r\n			<p style=\"text-align:center\">100</p>\r\n			</td>\r\n		</tr>\r\n		<tr>\r\n			<td style=\"vertical-align:top; width:184.05pt\">\r\n			<p>Total laba perusahaan</p>\r\n			</td>\r\n			<td style=\"vertical-align:top; width:70.85pt\">\r\n			<p style=\"text-align:center\">P</p>\r\n			</td>\r\n			<td style=\"vertical-align:top; width:100.5pt\">\r\n			<p style=\"text-align:center\">400</p>\r\n			</td>\r\n		</tr>\r\n		<tr>\r\n			<td style=\"vertical-align:top; width:184.05pt\">\r\n			<p>Laba ditahan</p>\r\n			</td>\r\n			<td style=\"vertical-align:top; width:70.85pt\">\r\n			<p style=\"text-align:center\">P<sub>r</sub></p>\r\n			</td>\r\n			<td style=\"vertical-align:top; width:100.5pt\">\r\n			<p style=\"text-align:center\">100</p>\r\n			</td>\r\n		</tr>\r\n		<tr>\r\n			<td style=\"vertical-align:top; width:184.05pt\">\r\n			<p>Investasi</p>\r\n			</td>\r\n			<td style=\"vertical-align:top; width:70.85pt\">\r\n			<p style=\"text-align:center\"><em>l</em></p>\r\n			</td>\r\n			<td style=\"vertical-align:top; width:100.5pt\">\r\n			<p style=\"text-align:center\">500</p>\r\n			</td>\r\n		</tr>\r\n		<tr>\r\n			<td style=\"vertical-align:top; width:184.05pt\">\r\n			<p>Pendapatan bunga</p>\r\n			</td>\r\n			<td style=\"vertical-align:top; width:70.85pt\">\r\n			<p style=\"text-align:center\"><em>I</em></p>\r\n			</td>\r\n			<td style=\"vertical-align:top; width:100.5pt\">\r\n			<p style=\"text-align:center\">200</p>\r\n			</td>\r\n		</tr>\r\n		<tr>\r\n			<td style=\"vertical-align:top; width:184.05pt\">\r\n			<p>Penerimaan sewa</p>\r\n			</td>\r\n			<td style=\"vertical-align:top; width:70.85pt\">\r\n			<p style=\"text-align:center\"><em>r</em></p>\r\n			</td>\r\n			<td style=\"vertical-align:top; width:100.5pt\">\r\n			<p style=\"text-align:center\">80</p>\r\n			</td>\r\n		</tr>\r\n		<tr>\r\n			<td style=\"vertical-align:top; width:184.05pt\">\r\n			<p>Pajak perusahaan</p>\r\n			</td>\r\n			<td style=\"vertical-align:top; width:70.85pt\">\r\n			<p style=\"text-align:center\">T<sub>x(id)</sub></p>\r\n			</td>\r\n			<td style=\"vertical-align:top; width:100.5pt\">\r\n			<p style=\"text-align:center\">100</p>\r\n			</td>\r\n		</tr>\r\n		<tr>\r\n			<td style=\"vertical-align:top; width:184.05pt\">\r\n			<p>Pengeluaran (belanja) Pemerintah</p>\r\n			</td>\r\n			<td style=\"vertical-align:top; width:70.85pt\">\r\n			<p style=\"text-align:center\">G</p>\r\n			</td>\r\n			<td style=\"vertical-align:top; width:100.5pt\">\r\n			<p style=\"text-align:center\">400</p>\r\n			</td>\r\n		</tr>\r\n		<tr>\r\n			<td style=\"vertical-align:top; width:184.05pt\">\r\n			<p>Ekspor barang dan jasa</p>\r\n			</td>\r\n			<td style=\"vertical-align:top; width:70.85pt\">\r\n			<p style=\"text-align:center\">X</p>\r\n			</td>\r\n			<td style=\"vertical-align:top; width:100.5pt\">\r\n			<p style=\"text-align:center\">450</p>\r\n			</td>\r\n		</tr>\r\n		<tr>\r\n			<td style=\"vertical-align:top; width:184.05pt\">\r\n			<p>Impor barang dan jasa</p>\r\n			</td>\r\n			<td style=\"vertical-align:top; width:70.85pt\">\r\n			<p style=\"text-align:center\">M</p>\r\n			</td>\r\n			<td style=\"vertical-align:top; width:100.5pt\">\r\n			<p style=\"text-align:center\">320</p>\r\n			</td>\r\n		</tr>\r\n		<tr>\r\n			<td style=\"vertical-align:top; width:184.05pt\">\r\n			<p>Penyusutan</p>\r\n			</td>\r\n			<td style=\"vertical-align:top; width:70.85pt\">\r\n			<p style=\"text-align:center\">D</p>\r\n			</td>\r\n			<td style=\"vertical-align:top; width:100.5pt\">\r\n			<p style=\"text-align:center\">100</p>\r\n			</td>\r\n		</tr>\r\n	</tbody>\r\n</table>\r\n\r\n<p>Berdasarkan tabel tersebut di atas, berapakah nilai kebocoran (leakages) pada perekonomian yang terjadi ?</p>\r\n', 1, '', 1, 1, NULL, 0, NULL, 0, 0, 1),
(348, 4, '<p>Jika setiap tambahan penghasilan yang tidak dikonsumsi dijadikan tabungan, berapakah besarnya MPS (Marginal Propensity to Save) berdasarkan tabel berikut ini.</p>\r\n\r\n<table border=\"1\" cellspacing=\"0\">\r\n	<tbody>\r\n		<tr>\r\n			<td style=\"width:83.4pt\">\r\n			<p><strong>Disposable Income </strong></p>\r\n			</td>\r\n			<td style=\"width:77.95pt\">\r\n			<p><img id=\"Picture_x0020_2\" src=\"[base_url]uploads/topik_4/5e7dd3b2a87fe.png\" style=\"height:1pt; width:1pt\" /> &nbsp;</p>\r\n\r\n			<p><strong>Konsumsi </strong></p>\r\n			</td>\r\n		</tr>\r\n		<tr>\r\n			<td style=\"height:22.75pt; width:83.4pt\">\r\n			<p>0</p>\r\n			</td>\r\n			<td style=\"height:22.75pt; width:77.95pt\">\r\n			<p>20,00</p>\r\n			</td>\r\n		</tr>\r\n		<tr>\r\n			<td style=\"width:83.4pt\">\r\n			<p>15</p>\r\n			</td>\r\n			<td style=\"width:77.95pt\">\r\n			<p>30,50</p>\r\n			</td>\r\n		</tr>\r\n		<tr>\r\n			<td style=\"width:83.4pt\">\r\n			<p>35</p>\r\n			</td>\r\n			<td style=\"width:77.95pt\">\r\n			<p>44,50</p>\r\n			</td>\r\n		</tr>\r\n		<tr>\r\n			<td style=\"width:83.4pt\">\r\n			<p>50</p>\r\n			</td>\r\n			<td style=\"width:77.95pt\">\r\n			<p>55,00</p>\r\n			</td>\r\n		</tr>\r\n		<tr>\r\n			<td style=\"height:19.25pt; width:83.4pt\">\r\n			<p>60</p>\r\n			</td>\r\n			<td style=\"height:19.25pt; width:77.95pt\">\r\n			<p>62,00</p>\r\n			</td>\r\n		</tr>\r\n		<tr>\r\n			<td style=\"width:83.4pt\">\r\n			<p>75</p>\r\n			</td>\r\n			<td style=\"width:77.95pt\">\r\n			<p>72,50</p>\r\n			</td>\r\n		</tr>\r\n	</tbody>\r\n</table>\r\n', 1, '', 1, 1, NULL, 0, NULL, 0, 0, 1),
(349, 4, 'Ketika pendapatan (disposable income) naik sebesar Rp. X, maka:<br />', 1, NULL, 1, 1, NULL, 0, NULL, 0, 0, 1),
(350, 4, 'Inflasi yang disebabkan depresiasi atau menurunnya nilai mata uang domestik, dikenal dengan istilah:<br />', 1, NULL, 1, 1, NULL, 0, NULL, 0, 0, 1),
(351, 4, 'Kebijakan penambahan pengeluaran (belanja) pemerintah disertai pengurangan tarif pajak, bertujuan untuk:', 1, NULL, 1, 1, NULL, 0, NULL, 0, 0, 1),
(352, 4, 'Tingkat inflasi sebesar 9,0% per tahun, jika ditinjau dari tingkat keparahannya, termasuk kategori inflasi:', 1, NULL, 1, 1, NULL, 0, NULL, 0, 0, 1),
(353, 4, 'Kebijakan Bank Indonesia menaikkan tingkat bunga 7-Days Repo Rate akan berpengaruh pada:', 1, NULL, 1, 1, NULL, 0, NULL, 0, 0, 1),
(354, 4, 'Apa perbedaan utama kurva Phillips jangka panjang dan jangka pendek?', 1, NULL, 1, 1, NULL, 0, NULL, 0, 0, 1),
(355, 4, 'Dengan asumsi multiplier bersifat dinamis dan time lag satu periode, jika MPC (Marginal Propensity to Consume) = 0,80, setelah tiga periode, berapa persenkah efek multiplier yang terjadi?', 1, NULL, 1, 1, NULL, 0, NULL, 0, 0, 1),
(356, 4, 'Pengeluaran pemerintah naik sebesar Rp. 20 dalam perekonomian yang berada pada kondisi penggunaan tenaga kerja penuh. Tingkat pendapatan saat ini adalah sebesar Rp. 500 dengan MPC (Marginal Propensity to Consume) sebesar 0,50 dan pajak tidak dikaitkan dengan pendapatan. Berapa besarnya kenaikan pajak yang diperlukan guna mempertahankan stabilitas harga?', 1, NULL, 1, 1, NULL, 0, NULL, 0, 0, 1),
(357, 4, 'Penggunaan tenaga kerja penuh terjadi pada tingkat pendapatan sebesar Rp. 600. Tingkat pendapatan sekarang adalah Rp. 550 dengan MPC (Marginal Propensity to Consume) = 0,90 dan MPZ (Marginal Propensity to Import) = 0,10. Berapakah kenaikan pengeluaran pemerintah yang diperlukan agar tingkat pendapatan mencapai kondisi penggunaan tenaga kerja penuh?', 1, NULL, 1, 1, NULL, 0, NULL, 0, 0, 1),
(358, 4, 'Suatu keadaan dimana suku bunga dalam perekonomian mencapai tingkat yang sangat rendah dan menyebabkan permintaan uang untuk tujuan spekulasi menjadi elastis sempurna, dikenal dengan istilah:', 1, NULL, 1, 1, NULL, 0, NULL, 0, 0, 1),
(359, 4, 'Jika perekonomian hanya terdiri dari tiga rumah tangga A, B dan C dengan fungsi konsumsi masing-masing adalah CA = 10 + 0,80Yd, CB = 40 + 0,80Yd dan CC = 50 + 0,80Yd. (Yd = disposable income). Persamaan konsumsi agregat untuk perekonomian tersebut adalah:', 1, NULL, 1, 1, NULL, 0, NULL, 0, 0, 1),
(360, 4, 'Diketahui Z = 55 + 0,15 Yd dan Tx = 150 + 0,2 Y; Yd = Pendapatan disposable, Tx = Pajak,<br />Y = Pendapatan, maka fungsi impor (Z) adalah:', 1, NULL, 1, 1, NULL, 0, NULL, 0, 0, 1),
(361, 4, 'Jika Ms = 500 dan Md = 500i – 100 + 0,25Y, manakah di antara pasangan jawaban berikut yang menunjukkan keseimbangan pasar uang? (Ms = Money Supply, Md = Money Demand):', 1, NULL, 1, 1, NULL, 0, NULL, 0, 0, 1),
(362, 4, 'Dengan MPC (Marginal Propensity to Consume) sebesar 0,80 dan kenaikan investasi sebesar Rp. 10, maka kurva IS akan bergeser:', 1, NULL, 1, 1, NULL, 0, NULL, 0, 0, 1),
(363, 4, 'Sebulan yang lalu, Swiss Franc (CHF) mengalami depresiasi sebesar 12% terhadap British Poundsterling (GBP). Berapa besar apresiasi GBP terhadap CHF ?', 1, NULL, 1, 1, NULL, 0, NULL, 0, 0, 1),
(364, 4, '<p>Diketahui spot rate tiga mata uang sebagai berikut (CNY: Chinese Yuan, HKD: Hongkong Dollar, ZAR: South African Rand, SEK: Swedish Krona):</p>\r\n\r\n<table border=\"1\" cellspacing=\"0\">\r\n	<tbody>\r\n		<tr>\r\n			<td style=\"width:90.45pt\">\r\n			<p><strong>Rasio </strong></p>\r\n			</td>\r\n			<td style=\"width:79.7pt\">\r\n			<p><strong>Spot Rate </strong></p>\r\n			</td>\r\n		</tr>\r\n		<tr>\r\n			<td style=\"width:90.45pt\">\r\n			<p>CNY/HKD</p>\r\n			</td>\r\n			<td style=\"width:79.7pt\">\r\n			<p>0,8422</p>\r\n			</td>\r\n		</tr>\r\n		<tr>\r\n			<td style=\"width:90.45pt\">\r\n			<p>CNY/ZAR</p>\r\n			</td>\r\n			<td style=\"width:79.7pt\">\r\n			<p>0,9149</p>\r\n			</td>\r\n		</tr>\r\n		<tr>\r\n			<td style=\"width:90.45pt\">\r\n			<p>CNY/SEK</p>\r\n			</td>\r\n			<td style=\"width:79.7pt\">\r\n			<p>1,0218</p>\r\n			</td>\r\n		</tr>\r\n	</tbody>\r\n</table>\r\n\r\n<p>Berapakah nilai spot ZAR/HKD cross-rate ?</p>\r\n', 1, '', 1, 1, NULL, 0, NULL, 0, 0, 1),
(365, 5, '<p>Diketahui data per 31 Desember sebagai berikut:</p>\r\n\r\n<ul>\r\n	<li><em>Liquid assets </em> : &nbsp;32.000</li>\r\n	<li><em>Stockholder&rsquo;s equity </em> : &nbsp;50.000</li>\r\n	<li><em>Realized capital gain and losses </em> : &nbsp;25.000</li>\r\n	<li><em>Investment income </em> : &nbsp;15.000</li>\r\n	<li><em>Beginning capital and surplus </em> : &nbsp;80.000</li>\r\n	<li><em>Preferred stock dividends </em> : &nbsp;500</li>\r\n	<li><em>Total liabilities </em> : &nbsp;350.000</li>\r\n	<li><em>Number of common share outstanding </em> : &nbsp;1.200</li>\r\n</ul>\r\n\r\n<p>Setelah dilakukan internal audit, ditemukan bahwa terjadi kesalahan pencatatan data number of common share outstanding, yang seharusnya adalah 1000. Kemudian dihitung juga dampaknya terhadap data lainnya dan ternyata hanya nilai EPS pada soal nomor 29 yang salah, sedangkan semua informasi keuangan lainnya sudah benar. Jika market price per share of common stock adalah 88, tentukan nilai earnings multiple berdasarkan data yang telah dikoreksi (pilih yang paling mendekati).</p>\r\n', 1, '', 1, 1, NULL, 0, NULL, 0, 0, 1),
(366, 5, '<p>Diketahui data per 31 Desember sebagai berikut:</p>\r\n\r\n<ul>\r\n	<li><em>Liquid assets </em> : &nbsp;32.000</li>\r\n	<li><em>Stockholder&rsquo;s equity </em> : &nbsp;50.000</li>\r\n	<li><em>Realized capital gain and losses </em> : &nbsp;25.000</li>\r\n	<li><em>Investment income </em> : &nbsp;15.000</li>\r\n	<li><em>Beginning capital and surplus </em> : &nbsp;80.000</li>\r\n	<li><em>Preferred stock dividends </em> : &nbsp;500</li>\r\n	<li><em>Total liabilities </em> : &nbsp;350.000</li>\r\n	<li><em>Number of common share outstanding </em> : &nbsp;1.200</li>\r\n</ul>\r\n\r\n<p>Apabila diketahui bahwa nilai earning per share (EPS) adalah 6,6667 (setelah pembulatan), tentukan nilai return on equity (ROE) (pilih yang paling mendekati).</p>\r\n', 1, '', 1, 1, NULL, 0, NULL, 0, 0, 1),
(367, 5, '<p>Berdasarkan contoh neraca di bawah ini, tentukan nilai debt ratio (pilih yang paling mendekati).</p>\r\n\r\n<p><img src=\"[base_url]uploads/topik_5/screen_shot_2020-03-27_at_7_39_20_pm.png\" /></p>\r\n', 1, '', 1, 1, NULL, 0, NULL, 0, 0, 1),
(368, 5, 'Mengacu pada informasi pada soal nomor 26, apabila atlet tersebut membeli rumah barunya dengan membayar tunai sebesar 80 juta rupiah dan mengajukan pinjaman KPR untuk membayar sisanya, sedemikian sehingga biaya tahunan yang dikeluarkan atlet tersebut naik menjadi 2 kali lipat (biaya mengurus rumah dan cicilan KPR), maka tentukan selisih dari return on investment (ROI) dan net yield (yang dihitung dari soal nomor 26).<br />Hint: Return on Investment (ROI) adalah keuntungan (pemasukan dikurangi biaya) dalam satu tahun yang dihasilkan dari asset yang diinvestasikan, dibagi dengan kas yang telah diinvestasikan.', 1, NULL, 1, 1, NULL, 0, NULL, 0, 0, 1),
(369, 5, 'Seorang atlet peraih medali emas Asian Para Games 2018 menggunakan uang bonus nya untuk membeli sebuah rumah dengan harga 300 juta rupiah. Ia pun langsung membayar lunas rumah tersebut, lalu menyewakan rumah barunya itu dengan harga sewa 20 juta per tahun. Jika biaya untuk mengurus rumah adalah 5.5 juta rupiah per tahun dan ditanggung oleh atlet tersebut, tentukan net yield yang diperolehnya dalam satu tahun.', 1, NULL, 1, 1, NULL, 0, NULL, 0, 0, 1),
(370, 5, '<p>Perusahaan &ldquo;Yoyo Ayo&rdquo; mempunyai total aset sebesar 75 juta rupiah. Diketahui data keuangan sebagai berikut:</p>\r\n\r\n<ul>\r\n	<li>Pendapatan investasi : 9 juta rupiah</li>\r\n	<li>ROE :7.5%</li>\r\n	<li>ROA  :1.7%</li>\r\n</ul>\r\n\r\n<p>Jika perusahaan ini memperoleh keuntungan (setelah dikurangi pajak) sebesar 4.8% dari setiap rupiah yang didapatkan, maka tentukan nilai total pendapatan (pilih yang paling mendekati).</p>\r\n', 1, '', 1, 1, NULL, 0, NULL, 0, 0, 1),
(371, 5, '<p>Seorang karyawan baru di perusahaan asuransi mencoba untuk membuat tugas pertama yang diberikan oleh managernya. Berikut adalah hasil karya pertamanya di perusahaan tersebut:<br />\r\n<img src=\"[base_url]uploads/topik_5/screen_shot_2020-03-27_at_7_36_24_pm.png\" /><br />\r\nGambar di atas merupakah salah satu contoh dari?</p>\r\n', 1, '', 1, 1, NULL, 0, NULL, 0, 0, 1),
(372, 5, 'Cadangan yang digunakan untuk persediaan pembayaran biaya yang disebabkan oleh berbagai kejadian yang tidak dapat diprediksi, disebut<br />', 1, NULL, 1, 1, NULL, 0, NULL, 0, 0, 1),
(373, 5, 'Menentukan atau menilai tercapainya suatu manfaat/keuntungan yang diinginkan oleh perusahaan dari implementasi suatu program tertentu merupakan tujuan dari<br />', 1, NULL, 1, 1, NULL, 0, NULL, 0, 0, 1),
(374, 5, '<p>Seorang pemegang polis sedang membutuhkan uang untuk membantu keluarganya yang terkena musibah di Palu, lalu dia mengajukan policy surrender terhadap polis asuransi jiwa yang dimilikinya (untuk mendapatkan uang dari nilai polis tersebut). Kemudian perusahaan asuransi menghitung nominal uang yang dapat dibayarkan ke pemegang polis atas policy surrender ini. Accounting entry untuk transaksi pembayaran oleh perusahaan asuransi ke pemegang polis adalah sebagai berikut:</p>\r\n\r\n<p>Surrender Paid - Ordinary................................ 40.000</p>\r\n\r\n<p>Dividend Accumulations................................... 8.000</p>\r\n\r\n<p>&nbsp; &nbsp; &nbsp; &nbsp; &nbsp; &nbsp; &nbsp; &nbsp; &nbsp; &nbsp; &nbsp; &nbsp; &nbsp; &nbsp; Policy Loan.................................................................. 24.000</p>\r\n\r\n<p>&nbsp; &nbsp; &nbsp; &nbsp; &nbsp; &nbsp; &nbsp; &nbsp; &nbsp; &nbsp; &nbsp; &nbsp; &nbsp; &nbsp; Policy Loan Interest................................................... 960</p>\r\n\r\n<p>&nbsp; &nbsp; &nbsp; &nbsp; &nbsp; &nbsp; &nbsp; &nbsp; &nbsp; &nbsp; &nbsp; &nbsp; &nbsp; &nbsp; Cash............................................................................. 23.040</p>\r\n\r\n<p>Tentukan nilai cash surrender value yang diterima oleh pemegang polis tersebut.</p>\r\n', 1, '', 1, 1, NULL, 0, NULL, 0, 0, 1),
(375, 5, '<p>Seorang anggota tim strategi di perusahaan asuransi &ldquo;Jiwa Raga&rdquo; mengajukan proposal dengan rincian cash flows sebagai berikut:</p>\r\n\r\n<table border=\"1\" cellspacing=\"0\">\r\n	<tbody>\r\n		<tr>\r\n			<td style=\"width:76.3pt\">\r\n			<p><em>Time (Year) </em></p>\r\n			</td>\r\n			<td style=\"width:87.55pt\">\r\n			<p><em>Cash Outflow </em></p>\r\n			</td>\r\n			<td style=\"width:77.15pt\">\r\n			<p><em>Cash Inflow </em></p>\r\n			</td>\r\n		</tr>\r\n		<tr>\r\n			<td style=\"width:76.3pt\">\r\n			<p>0</p>\r\n			</td>\r\n			<td style=\"width:87.55pt\">\r\n			<p>-500</p>\r\n			</td>\r\n			<td style=\"width:77.15pt\">\r\n			<p>0</p>\r\n			</td>\r\n		</tr>\r\n		<tr>\r\n			<td style=\"width:76.3pt\">\r\n			<p>1</p>\r\n			</td>\r\n			<td style=\"width:87.55pt\">\r\n			<p>-5</p>\r\n			</td>\r\n			<td style=\"width:77.15pt\">\r\n			<p>125</p>\r\n			</td>\r\n		</tr>\r\n		<tr>\r\n			<td style=\"width:76.3pt\">\r\n			<p>2</p>\r\n			</td>\r\n			<td style=\"width:87.55pt\">\r\n			<p>-5</p>\r\n			</td>\r\n			<td style=\"width:77.15pt\">\r\n			<p>X</p>\r\n			</td>\r\n		</tr>\r\n		<tr>\r\n			<td style=\"width:76.3pt\">\r\n			<p>3</p>\r\n			</td>\r\n			<td style=\"width:87.55pt\">\r\n			<p>-5</p>\r\n			</td>\r\n			<td style=\"width:77.15pt\">\r\n			<p>180</p>\r\n			</td>\r\n		</tr>\r\n		<tr>\r\n			<td style=\"width:76.3pt\">\r\n			<p>4</p>\r\n			</td>\r\n			<td style=\"width:87.55pt\">\r\n			<p>-5</p>\r\n			</td>\r\n			<td style=\"width:77.15pt\">\r\n			<p>1,75 X</p>\r\n			</td>\r\n		</tr>\r\n	</tbody>\r\n</table>\r\n\r\n<p>Apabila hurdle rate perusahaan &ldquo;Jiawaraga&rdquo; adalah 14% dan hanya menyetujui proposal jika internal rate of return nya tidak kurang dari hurdle rate, maka tentukan nilai minimum X agar proposal tersebut disetujui.</p>\r\n', 1, '', 1, 1, NULL, 0, NULL, 0, 0, 1),
(376, 5, 'Derivatif adalah suatu instrument keuangan yang cukup umum digunakan oleh perusahaan asuransi untuk melakukan proteksi, baik memproteksi unrealized gain maupun meminimalkan risiko tingkat suku bunga. “A long term option to buy one or more shares of common stock in a given company at a specified price” merupakan salah satu derivative tersebut, yaitu', 1, NULL, 1, 1, NULL, 0, NULL, 0, 0, 1),
(377, 5, 'Salah satu aspek penting di dalam akuntansi pertanggungjawaban adalah penjelasan mengenai budget variance. Diketahui data sebagai berikut:<br /> Budget rate: (a)<br /> Budget usage: (b)<br /> Actual rate: (α)<br /> Actual usage: (β)<br /> <br />Formula dari rate variance adalah:', 1, NULL, 1, 1, NULL, 0, NULL, 0, 0, 1),
(378, 5, '<p>Diketahui data suatu perusahaan asuransi kesehatan sebagai berikut:</p>\r\n\r\n<ul>\r\n	<li><em>Earned Premium </em> </li>\r\n	<li><em>Investment Expense </em> </li>\r\n	<li><em>Ratio of Loss Ratio over Expense Ratio </em> </li>\r\n	<li><em>Combined Ratio </em> </li>\r\n</ul>\r\n\r\n<p>Incurred claims yang mungkin diperoleh perusahaan asuransi kesehatan ini adalah:</p>\r\n', 1, '', 1, 1, NULL, 0, NULL, 0, 0, 1),
(379, 5, 'Diketahui harga 1 unit produk suatu toko yang berlokasi di daerah Donggala (Sulawesi Tengah) adalah 150. Kemudian karena terjadi musibah tsunami, pemilik toko tersebut mengalami berbagai permasalahan sehingga terpaksa tidak beroperasi selama 1 bulan (namun fixed cost tetap 100% incurred). Net loss yang dialami toko pada bulan tersebut adalah 55.000. Apabila diketahui bahwa untuk mencapai break-even toko tersebut harus memperoleh total contribution margin sebesar 1375 kali lipat dari unit variable cost nya, berapakah net gain yang diperoleh toko tersebut jika dapat menjual 700 produk dalam satu bulan (pilih yang paling mendekati) ?', 1, NULL, 1, 1, NULL, 0, NULL, 0, 0, 1),
(380, 5, '<p>Mengacu pada PSAK 24 tentang imbalan kerja, asumsi aktuarial adalah estimasi terbaik entitas mengenai variabel yang akan menentukan total biaya dari penyediaan imbalan pascakerja. Salah satu asumsi aktuarial adalah asumsi demografis mengenai karakteristik masa depan dari pekerja dan mantan pekerja (dan tanggungan mereka) yang berhak atas imbalan. Asumsi demografi berhubungan dengan masalah seperti:</p>\r\n\r\n<p>i. Mortalitas, selama dan sesudah masa bekerja.</p>\r\n\r\n<p>ii. Tingkat perputaran pekerja, cacat, dan pensiun dini. </p>\r\n\r\n<p>iii. Proporsi dari peserta program dengan tanggungannya yang akan berhak atas imbalan.</p>\r\n\r\n<p>iv. Tingkat klaim program kesehatan.</p>\r\n', 1, '', 1, 1, NULL, 0, NULL, 0, 0, 1),
(381, 5, '<p>Berikut adalah beberapa pernyataan terkait dengan penilaian aset program purnakarya berdasarkan PSAK 18 tentang akuntansi dan pelaporan program manfaat purnakarya (pensiun).</p>\r\n\r\n<p>i. Investasi program manfaat purnakarya harus diakui pada nilai wajar. </p>\r\n\r\n<p>ii. Pada kasus surat berharga yang diperdagangkan, maka nilai wajar adalah nilai pasar.</p>\r\n\r\n<p>iii. Pada investasi program purnakarya yang dimiliki seandainya estimasi nilai wajar tidak mungkin, maka pengungkapan harus dibuat berisi alasan mengapa nilai wajar tidak dapat digunakan. </p>\r\n\r\n<p>iv. Surat-surat berharga yang nilai jatuh temponya sudah ditetapkan dan memang dimaksudkan untuk membayar manfaat purnakarya, atau bagian yang spesifik dari setiap program purnakarya, dinilai berdasarkan nilai amortisasinya.</p>\r\n', 1, '', 1, 1, NULL, 0, NULL, 0, 0, 1);
INSERT INTO cbt_soal (soal_id, soal_topik_id, soal_detail, soal_tipe, soal_kunci, soal_difficulty, soal_aktif, soal_audio, soal_audio_play, soal_timer, soal_inline_answers, soal_auto_next, soal_maks_nilai_esai) VALUES
(382, 5, 'Berdasarkan PSAK 18 tentang akuntansi dan pelaporan program manfaat purnakarya (pensiun), nilai kini dari pembayaran yang diharapkan oleh program manfaat purnakarya terjanji dapat dihitung dan dilaporkan dengan menggunakan tingkat gaji kini atau tingkat gaji proyeksi sampai dengan masa purnakarya peserta. Alasan yang diberikan untuk menerapkan pendekatan gaji kini adalah sebagai berikut, kecuali', 1, NULL, 1, 1, NULL, 0, NULL, 0, 0, 1),
(383, 5, 'Berdasarkan PSAK 36 tentang akuntansi kontrak asuransi jiwa, pernyataan yang benar terkait dengan beban klaim adalah, kecuali', 1, NULL, 1, 1, NULL, 0, NULL, 0, 0, 1),
(384, 5, 'Berdasarkan PSAK 62 tentang kontrak asuransi, berikut adalah contoh-contoh kontrak yang merupakan kontrak asuransi, jika pengalihan atas risiko asuransi signifikan, kecuali:', 1, NULL, 1, 1, NULL, 0, NULL, 0, 0, 1),
(385, 5, 'Di dalam akuntansi keuangan, efek yang ditimbulkan dari accounting change dapat didokumentasikan dengan menggunakan beberapa basis. &quot;An Adjustment to the previous year\'s net income to determine the current year\'s net income&quot; merupakan salat satu contoh dari penggunaan', 1, NULL, 1, 1, NULL, 0, NULL, 0, 0, 1),
(386, 5, '<p>Perusahaan asuransi &ldquo;Jiwa Raga&rdquo; menjual satu polis dengan premium tahun pertama sebesar 150 dan biaya tahun pertama sebesar X. Dengan menggunakan suatu metode tertentu, diperoleh nilai cadangan tahun pertama sebesar 75. Kemudian perusahaan ini membentuk asset account untuk mengklasifikasikan biaya tahun pertama yang dapat ditunda (deferred) ke tahun-tahun berikutnya, guna menghindari surplus strain. Apabila diasumsikan bahwa perusahan dapat menunda biaya sebesar 70% dari total biaya tahun pertama ke tahun-tahun berikutnya, maka berikut adalah nilai dari masing-masing komponen dalam persamaan dasar akuntansi:</p>\r\n\r\n<ul>\r\n	<li>\r\n	<p> &nbsp;Assets (aggregate of cash and deferred policy acquisition cost) : +120</p>\r\n	</li>\r\n	<li>\r\n	<p> &nbsp;Liabilities : +75</p>\r\n	</li>\r\n	<li>\r\n	<p> &nbsp;Capital and Surplus : +45</p>\r\n	</li>\r\n</ul>\r\n\r\n<p><br />\r\nTentukan total biaya tahun pertama (X).</p>\r\n', 1, '', 1, 1, NULL, 0, NULL, 0, 0, 1),
(387, 5, '<p>Menjelang diselenggarakannya Asian Games 2018 di Jakarta-Palembang, Jojo membeli saham Hotel &ldquo;YoYo Ayo&rdquo; sebanyak 100 lembar dengan harga X per lembar. Dia juga membayar komisi broker untuk transaksi ini sebesar 600. Setelah Asian Games 2018 berakhir, Jojo pun menjual saham tersebut dan memperoleh uang sebesar 12.000 (setelah dipotong komisi broker). Accounting entry untuk transaksi penjualan 100 lembar saham ini adalah sebagai berikut:</p>\r\n\r\n<p>Cash................................ 12.000<br />\r\n&nbsp; &nbsp; &nbsp; &nbsp; &nbsp; &nbsp; &nbsp; &nbsp; &nbsp; &nbsp; &nbsp; Stocks ...................................................... 9.500</p>\r\n\r\n<p>&nbsp; &nbsp; &nbsp; &nbsp; &nbsp; &nbsp; &nbsp; &nbsp; &nbsp; &nbsp; &nbsp; Gain on Sale of Stock............................. 2.500</p>\r\n\r\n<p>Tentukan nilai X.</p>\r\n', 1, '', 1, 1, NULL, 0, NULL, 0, 0, 1),
(388, 5, 'Tipe income berikut dapat diklasifikasikan ke dalam akun asset, kecuali: ', 1, NULL, 1, 1, NULL, 0, NULL, 0, 0, 1),
(389, 5, 'Perusahaan asuransi jiwa “Sehat &amp; Kuat”, membeli sebuah real estate seharga 20.000, dengan membayar (in cash) sebesar 8.000 dan melakukan pinjaman untuk pembayaran sisanya. Compound accounting entry yang tepat untuk mencatat transaksi ini adalah:', 1, NULL, 1, 1, NULL, 0, NULL, 0, 0, 1),
(390, 5, '<p>Perusahaan &ldquo;ABC&rdquo; mempersiapkan statement of cash flows berdasarkan informasi yang diperoleh dari balance sheet dan statement of operations. Berikut adalah informasi terkait dengan operasional dari perusahaan ini dalam satu periode tertentu.</p>\r\n\r\n<ul>\r\n	<li>\r\n	<p>&nbsp;A receipt of revenue :A</p>\r\n	</li>\r\n	<li>\r\n	<p>&nbsp;Purchasing an asset :B</p>\r\n	</li>\r\n	<li>\r\n	<p>&nbsp;Issuing common stock :C</p>\r\n	</li>\r\n	<li>\r\n	<p>&nbsp;A payment of expense :D</p>\r\n	</li>\r\n	<li>\r\n	<p>&nbsp;Paying off a loan :E</p>\r\n	</li>\r\n</ul>\r\n\r\n<p>Tentukan nilai net change in cash khusus untuk satu periode tersebut.</p>\r\n', 1, '', 1, 1, NULL, 0, NULL, 0, 0, 1),
(391, 5, '<p>Untuk menghindari cancellation, polis asuransi kesehatan dapat mencantumkan atau mengandung suatu ketentuan pembaruan (renewability condition) tertentu. Berikut yang termasuk dalam ketentuan pembaruan adalah :</p>\r\n\r\n<p><img src=\"[base_url]uploads/topik_5/5e7dee2d5be0b.png\" /></p>\r\n', 1, '', 1, 1, NULL, 0, NULL, 0, 0, 1),
(392, 5, 'Ketika suatu perusahaan asuransi berkewajiban untuk membayarkan manfaat kematian kepada penerima manfaat (sesuai dengan ketentuan dalam polis) setelah klaim disetujui, item-item berikut dapat mengurangi manfaat kematian yang harus dibayar perusahaan, kecuali:', 1, NULL, 1, 1, NULL, 0, NULL, 0, 0, 1),
(393, 5, 'Aris, seorang ajun aktuaris pergi ke seuatu bank dan menabungkan uangnya sejumlah 12.000.000 pada 1 Juli 2017. Teller bank tersebut menyatakan bahwa tabungan Aris akan memperoleh suku bunga nominal x%, compounded quarterly dan tidak akan dikenakan biaya administrasi atau biaya lainnya. Pada 30 September 2018, Aris menarik semua uang tabungan beserta bunga yang diperolehnya, yaitu sebesar 12.612.121. Jika sebelumnya Aris tidak pernah melakukan penarikan atau penambahan tabungan, berapakah suku bunga efektif dari tabungan ini?', 1, NULL, 1, 1, NULL, 0, NULL, 0, 0, 1),
(394, 5, 'Perusahaan asuransi menerima pembayaran premi dari calon nasabah yang baru membeli polis di perusahaan tersebut sebesar 2 juta rupiah. Namun karena pengajuan polis ini masih dalam tahap persetujuan (application approval), maka tim accounting mencatat penerimaan premi ini (transaksi 1) sebagai premium suspense. Seminggu kemudian, pengajuan polis tersebut ditolak dan premi sebesar 2 juta rupiah dikembalikan kepada calon nasabah yang bersangkutan (transaksi 2). Tentukan journal entry yang tepat untuk transaksi 2 ini.', 1, NULL, 1, 1, NULL, 0, NULL, 0, 0, 1),
(412, 6, '<p>Diberikan sebuah tabel mortalita dengan 2 tahun seleksi</p>\r\n\r\n<p><img src=\"[base_url]uploads/topik_6/screen_shot_2020-03-27_at_9_14_23_pm.png\" /></p>\r\n', 1, '', 1, 1, NULL, 0, NULL, 0, 0, 1),
(413, 6, '<p>Diberikan:</p>\r\n\r\n<p><img src=\"[base_url]uploads/topik_6/screen_shot_2020-03-27_at_9_13_49_pm.png\" /></p>\r\n', 1, '', 1, 1, NULL, 0, NULL, 0, 0, 1),
(414, 6, '<p>Untuk sebuah model double-decrement, diberikan:<br />\r\n<img src=\"[base_url]uploads/topik_6/screen_shot_2020-03-27_at_9_12_53_pm.png\" /><br />\r\nHitunglah peluang bahwa (10) akan mati karena decrement kedua dalam tahun ke-6.</p>\r\n', 1, '', 1, 1, NULL, 0, NULL, 0, 0, 1),
(415, 6, '<p>Dengan menggunakan metode Panjer, tentukanlah peluang seseorang yang sedang berada di State 1a menuju State selanjutnya (1b) pada observasi 3-6 bulan dengan menggunakan informasi di bawah.</p>\r\n\r\n<p><img src=\"[base_url]uploads/topik_6/screen_shot_2020-03-27_at_9_12_26_pm.png\" /></p>\r\n', 1, '', 1, 1, NULL, 0, NULL, 0, 0, 1),
(416, 6, 'Dari 10 bola lampu yang dites, 2 gagal sebelum waktu t=3. Sebaran waktu kegagalan diasumsikan eksponensial, tentukanlah MLE dari ', 1, NULL, 1, 1, NULL, 0, NULL, 0, 0, 1),
(417, 6, '<p><img src=\"[base_url]uploads/topik_6/screen_shot_2020-03-27_at_9_11_42_pm.png\" /></p>\r\n', 1, '', 1, 1, NULL, 0, NULL, 0, 0, 1),
(418, 6, '<p>Pada sebuah kota beberapa tahun silam, 5 bangunan sekolah dibangun. Peubah acak untuk waktu konstruksi memiliki sebaran yang sama. Berikut diberikan data kapan dimulai dan selesai untuk setiap bangunan<br />\r\n<img src=\"[base_url]uploads/topik_6/screen_shot_2020-03-27_at_9_10_51_pm.png\" /><br />\r\nDengan menggunakan Product-Limit Estimator, estimasikanlah peluang penyelesaian konstruksi dalam 2 tahun pada sebuah bangunan yang memiliki distribusi waktu konstruksi yang sama.</p>\r\n', 1, '', 1, 1, NULL, 0, NULL, 0, 0, 1),
(419, 6, '<p><img src=\"[base_url]uploads/topik_6/screen_shot_2020-03-27_at_9_09_57_pm.png\" /></p>\r\n', 1, '', 1, 1, NULL, 0, NULL, 0, 0, 1),
(420, 6, '<p><img src=\"[base_url]uploads/topik_6/5e7e050418959.png\" /><img src=\"[base_url]uploads/topik_6/screen_shot_2020-03-27_at_9_08_03_pm.png\" /></p>\r\n\r\n<p>Dengan menggunakan usia nearest birthday. Hitunglah</p>\r\n', 1, '', 1, 1, NULL, 0, NULL, 0, 0, 1),
(421, 6, '<p><img src=\"[base_url]uploads/topik_6/screen_shot_2020-03-27_at_9_08_03_pm.png\" /></p>\r\n\r\n<p>Hitunglah q30 dengan perhitungan aktuaria</p>\r\n', 1, '', 1, 1, NULL, 0, NULL, 0, 0, 1),
(422, 6, '<p>Dalam sebuah sampel terdapat 10.000 orang pada usia x.<br />\r\n<img src=\"[base_url]uploads/topik_6/screen_shot_2020-03-27_at_9_06_19_pm.png\" /></p>\r\n', 1, '', 1, 1, NULL, 0, NULL, 0, 0, 1),
(423, 6, '<p>Pada sebuah pengamatan double-decrement</p>\r\n\r\n<p><img src=\"[base_url]uploads/topik_6/screen_shot_2020-03-27_at_9_05_31_pm.png\" /></p>\r\n', 1, '', 1, 1, NULL, 0, NULL, 0, 0, 1),
(424, 6, '<p>Misakan ada 100 pengamatan dan diketahui</p>\r\n\r\n<p><img src=\"[base_url]uploads/topik_6/screen_shot_2020-03-27_at_9_04_28_pm.png\" /></p>\r\n', 1, '', 1, 1, NULL, 0, NULL, 0, 0, 1),
(425, 6, '<p>Diberikan informasi</p>\r\n\r\n<p><img src=\"[base_url]uploads/topik_6/screen_shot_2020-03-27_at_9_03_50_pm.png\" /></p>\r\n', 1, '', 1, 1, NULL, 0, NULL, 0, 0, 1),
(426, 6, '<p><img src=\"[base_url]uploads/topik_6/screen_shot_2020-03-27_at_9_03_13_pm.png\" /></p>\r\n', 1, '', 1, 1, NULL, 0, NULL, 0, 0, 1),
(427, 6, '<p><img src=\"[base_url]uploads/topik_6/screen_shot_2020-03-27_at_9_02_24_pm.png\" /></p>\r\n', 1, '', 1, 1, NULL, 0, NULL, 0, 0, 1),
(428, 6, '<p>Diberikan</p>\r\n\r\n<p><img src=\"[base_url]uploads/topik_6/screen_shot_2020-03-27_at_9_00_18_pm.png\" /></p>\r\n', 1, '', 1, 1, NULL, 0, NULL, 0, 0, 1),
(429, 6, '<p>Diberikan proses MA(3) dibawah ini</p>\r\n\r\n<p><img src=\"[base_url]uploads/topik_6/screen_shot_2020-03-27_at_8_59_28_pm.png\" /></p>\r\n', 1, '', 1, 1, NULL, 0, NULL, 0, 0, 1),
(430, 6, '<p>Dalam sebuah regresi model diberikan Untuk restricted model:</p>\r\n\r\n<p><img src=\"[base_url]uploads/topik_6/screen_shot_2020-03-27_at_8_58_47_pm.png\" /></p>\r\n', 1, '', 1, 1, NULL, 0, NULL, 0, 0, 1),
(431, 6, '<p>Diketahui sebuah proses autoregresive moving average<br />\r\n<img src=\"[base_url]uploads/topik_6/screen_shot_2020-03-27_at_8_57_57_pm.png\" /><br />\r\nHitunglah forecast l-periode dimana l merupakan bilangan yang sangat besar (mendekati tak-hingga)</p>\r\n', 1, '', 1, 1, NULL, 0, NULL, 0, 0, 1),
(432, 6, '<p>Diketahui sebuah proses stokastik, autoregresive process first order, AR(1):<br />\r\n<img src=\"[base_url]uploads/topik_6/screen_shot_2020-03-27_at_8_56_56_pm.png\" /><br />\r\nDimana forecast untuk 6 periode merupakan<br />\r\n<img src=\"[base_url]uploads/topik_6/screen_shot_2020-03-27_at_8_57_28_pm.png\" /><br />\r\nTentukanlah Z.</p>\r\n', 1, '', 1, 1, NULL, 0, NULL, 0, 0, 1),
(433, 6, '<p>Diberikan data tingkat suku bunga pada sebuah instrumen sebagai berikut:</p>\r\n\r\n<table border=\"1\" cellpadding=\"1\" cellspacing=\"1\" style=\"width:500px\">\r\n	<tbody>\r\n		<tr>\r\n			<td>Waktu(t)</td>\r\n			<td>Yt</td>\r\n		</tr>\r\n		<tr>\r\n			<td>1</td>\r\n			<td>10%</td>\r\n		</tr>\r\n		<tr>\r\n			<td>2</td>\r\n			<td>7%</td>\r\n		</tr>\r\n		<tr>\r\n			<td>3</td>\r\n			<td>8%</td>\r\n		</tr>\r\n	</tbody>\r\n</table>\r\n\r\n<p><img src=\"[base_url]uploads/topik_6/screen_shot_2020-03-27_at_8_51_42_pm.png\" /></p>\r\n', 1, '', 1, 1, NULL, 0, NULL, 0, 0, 1),
(434, 6, 'Dari soal nomor 5, berapakah derajat kebebasan (degree of freedom) untuk error: ', 1, NULL, 1, 1, NULL, 0, NULL, 0, 0, 1),
(435, 6, 'Jika error terms merupakan heteroscedastic, estimasi OLS (ordinary least squares) dari parameter persamaan regresi akan menjadi?', 1, NULL, 1, 1, NULL, 0, NULL, 0, 0, 1),
(436, 6, 'Dari soal nomor 5, misalnya ada pengamatan yang ke 50 dimasukkan dalam data. Yang mana dari kemungkinan berikut untuk pengamatan yang 50 tersebut yang akan mengubah persamaan regresi paling signifikan?', 1, NULL, 1, 1, NULL, 0, NULL, 0, 0, 1),
(437, 6, '<p><img src=\"[base_url]uploads/topik_6/screen_shot_2020-03-27_at_8_49_41_pm.png\" /></p>\r\n', 1, '', 1, 1, NULL, 0, NULL, 0, 0, 1),
(438, 6, '<p>Diberikan forecast error 3 langkah ke depan berdasarkan ARIMA model<br />\r\n<img src=\"[base_url]uploads/topik_6/screen_shot_2020-03-27_at_8_46_22_pm.png\" /><br />\r\nDiketahui pula, variance dari forecast error adalah 0,89<br />\r\nHitunglah variance dari error,<img src=\"[base_url]uploads/topik_6/screen_shot_2020-03-27_at_8_46_48_pm.png\" /></p>\r\n', 1, '', 1, 1, NULL, 0, NULL, 0, 0, 1),
(439, 6, '<p>Dalam sebuah studi regresi dua peubah acak dihasilkan</p>\r\n\r\n<p><img src=\"[base_url]uploads/topik_6/screen_shot_2020-03-27_at_8_45_23_pm.png\" /></p>\r\n', 1, '', 1, 1, NULL, 0, NULL, 0, 0, 1),
(440, 6, '<p>Sebuah regresi linier dengan tiga variabel bebas dan satu konstan digunakan untuk mencocokan suatu deret dengan 100 pengamatan, diketahui bahwa:<br />\r\n<img src=\"[base_url]uploads/topik_6/screen_shot_2020-03-27_at_8_44_00_pm.png\" /><br />\r\nDiberikan tabel Durbin-Watson Test<br />\r\n<img src=\"[base_url]uploads/topik_6/screen_shot_2020-03-27_at_8_44_32_pm.png\" /><br />\r\nApa keputusan yang cocok pada uji Durbin-Watson tersebut?</p>\r\n', 1, '', 1, 1, NULL, 0, NULL, 0, 0, 1),
(441, 6, '<p>Diketahui suatu proses moving average order 2, MA(2)<br />\r\n<br />\r\n<img src=\"[base_url]uploads/topik_6/screen_shot_2020-03-27_at_8_43_18_pm.png\" /></p>\r\n', 1, '', 1, 1, NULL, 0, NULL, 0, 0, 1),
(442, 8, '<p>Seorang aktuaris mengamati lima buah besaran klaim : 11,0; 15,2; 18,0; 21,0; dan 25,8.</p>\r\n\r\n<p><img src=\"[base_url]uploads/topik_8/screen_shot_2020-03-30_at_2_02_24_pm.png\" /></p>\r\n', 1, '', 1, 1, NULL, 0, NULL, 0, 0, 1),
(443, 8, '<p>Suatu sampel terdiri 2,000 klaim terdiri dari sebagai berikut:<br />\r\n&bull; 1.700 observasi yang tidak lebih besar dari 6.000<br />\r\n&bull; 30 observasi diantara 6.000 dan 7.000<br />\r\n&bull; 270 observasi yang lebih besar dari 7.000<br />\r\n<img src=\"[base_url]uploads/topik_8/screen_shot_2020-03-30_at_2_02_54_pm.png\" /></p>\r\n', 1, '', 1, 1, NULL, 0, NULL, 0, 0, 1),
(444, 8, 'Suatu sampel dari 2.000 polis asuransi didapatkan 1.600 polis tanpa klaim dan 400 polis dengan sedikitnya 1 kali klaim. Dengan menggunakan pendekatan distribusi normal, tentukan symmetric 95% selang kepercayaan bagian atas untuk peluang bahwa satu polis mempunyai sedikitnya 1 klaim', 1, NULL, 1, 1, NULL, 0, NULL, 0, 0, 1),
(445, 8, '<p><img src=\"[base_url]uploads/topik_8/screen_shot_2020-03-30_at_2_00_38_pm.png\" /></p>\r\n', 1, '', 1, 1, NULL, 0, NULL, 0, 0, 1),
(446, 8, '<p>Diketahui:<br />\r\n<img src=\"[base_url]uploads/topik_8/screen_shot_2020-03-30_at_1_57_13_pm.png\" /></p>\r\n', 1, '', 1, 1, NULL, 0, NULL, 0, 0, 1),
(447, 8, 'Agen asuransi Sunarto tidak akan menerima bonus tahunannya apabila rasio dari besar kerugian terhadap premium yang telah didapatkan (earned premium) untuk portofolio asuransinya ialah 60% atau lebih di tahun ini. Jika rasio besar kerugian tersebut kurang dari 60%, Sunarto akan menerima bonus berupa persentase dari earned premium yang telah didapatkannya yaitu 15% dari selisih antara rasionya dan 60%. Annual earned premium Sunarto ialah sebesar 800.000 (ribu rupiah). Besar kerugian berdistribusi Pareto, dengan ', 1, NULL, 1, 1, NULL, 0, NULL, 0, 0, 1),
(448, 8, 'Banyaknya klaim kerusuhan huru-hara pada suatu bulan di perusahaan asuransi Berjaya Makmur mempunyai rataan 110 dan variansi 750. Besar kerugian mempunyai rataan 1.101 dan standar deviasi 70. Banyaknya klaim dan besar kerugian adalah saling bebas. Menggunakan pendekatan distribusi normal, hitung peluang bahwa jumlah aggregate kerugian kerusuhan hura-hara yang dilaporkan pada suatu bulan akan kurang dari 100.000', 1, NULL, 1, 1, NULL, 0, NULL, 0, 0, 1),
(449, 8, 'Seorang aktuaris di perusahaan asuransi membuat model banyaknya klaim dari kejadian “third party claims”. Aktuaris tersebut menyimpulkan bahwa banyaknya klaim yang diajukan per tahun per pemegang polis mengikuti distribusi Poisson dengan parameter ', 1, NULL, 1, 1, NULL, 0, NULL, 0, 0, 1),
(450, 8, '<p>Diberikan grafik fungsi kepadatan untuk suatu kerugian</p>\r\n\r\n<p><img src=\"[base_url]uploads/topik_8/screen_shot_2020-03-30_at_1_55_41_pm.png\" /></p>\r\n\r\n<p>Hitunglah &quot;loss elimination ratio&quot; dari&nbsp; suatu ordinary deductible sebesar 20</p>\r\n', 1, '', 1, 1, NULL, 0, NULL, 0, 0, 1),
(451, 8, '<p>Diketahui:<br />\r\n<br />\r\n<img src=\"[base_url]uploads/topik_8/screen_shot_2020-03-30_at_7_56_39_am.png\" /></p>\r\n', 1, '', 1, 1, NULL, 0, NULL, 0, 0, 1),
(452, 8, '<p>Dari sampel acak berikut ini anda membuat distribusi eksponensial:</p>\r\n\r\n<p><img src=\"[base_url]uploads/topik_8/screen_shot_2020-03-30_at_1_52_36_pm.png\" /></p>\r\n\r\n<p>Hitung koefisien variansi dari estimator rata-rata yang didapatkan dengan metode maximum likelihood (Pembulatan 2 desimal)</p>\r\n', 1, '', 1, 1, NULL, 0, NULL, 0, 0, 1),
(453, 8, '<p>Diketahui informasi sebagai berikut untuk suatu kelompok pemegang polis :<br />\r\n<img src=\"[base_url]uploads/topik_8/screen_shot_2020-03-30_at_1_51_42_pm.png\" /><br />\r\nHitung peluang bahwa klaim selanjutnya akan lebih besar dari 550. (cari jawaban paling mendekati)</p>\r\n', 1, '', 1, 1, NULL, 0, NULL, 0, 0, 1),
(454, 8, '<p>Diberikan:</p>\r\n\r\n<table border=\"1\" bordercolor=\"#ccc\" cellpadding=\"5\" cellspacing=\"0\" style=\"border-collapse:collapse\">\r\n	<tbody>\r\n		<tr>\r\n			<td>\r\n			<p>Banyaknya Klaim</p>\r\n			</td>\r\n			<td>\r\n			<p>Peluang</p>\r\n			</td>\r\n			<td>\r\n			<p>Besar Klaim</p>\r\n			</td>\r\n			<td>\r\n			<p>Peluang</p>\r\n			</td>\r\n		</tr>\r\n		<tr>\r\n			<td>\r\n			<p>0</p>\r\n			</td>\r\n			<td>\r\n			<p>1/5</p>\r\n			</td>\r\n			<td>&nbsp;</td>\r\n			<td>&nbsp;</td>\r\n		</tr>\r\n		<tr>\r\n			<td colspan=\"1\" rowspan=\"2\">\r\n			<p>1</p>\r\n			</td>\r\n			<td colspan=\"1\" rowspan=\"2\">\r\n			<p>3/5</p>\r\n			</td>\r\n			<td>\r\n			<p>25</p>\r\n			</td>\r\n			<td>\r\n			<p>1/3</p>\r\n			</td>\r\n		</tr>\r\n		<tr>\r\n			<td>\r\n			<p>150</p>\r\n			</td>\r\n			<td>\r\n			<p>2/3</p>\r\n			</td>\r\n		</tr>\r\n		<tr>\r\n			<td colspan=\"1\" rowspan=\"2\">\r\n			<p>2</p>\r\n			</td>\r\n			<td colspan=\"1\" rowspan=\"2\">\r\n			<p>1/5</p>\r\n			</td>\r\n			<td>\r\n			<p>50</p>\r\n			</td>\r\n			<td>\r\n			<p>2/3</p>\r\n			</td>\r\n		</tr>\r\n		<tr>\r\n			<td>\r\n			<p>200</p>\r\n			</td>\r\n			<td>\r\n			<p>1/3</p>\r\n			</td>\r\n		</tr>\r\n	</tbody>\r\n</table>\r\n\r\n<p>Masing-masing besar klaim ialah saling bebas. Hitung variansi dari kerugian gabungan (aggregate loss)</p>\r\n', 1, '', 1, 1, NULL, 0, NULL, 0, 0, 1),
(455, 8, '<p>Banyaknya klaim mengikuti distribusi negatif binomial dengan parameter&nbsp;&szlig; dan r dimana&nbsp;&szlig; tidak diketahui dan&nbsp; r diketahui. Misalkan kamu diberikan tugas untuk&nbsp; mengestimasi&nbsp;&szlig; dengan jumlah observasi sebanyak&nbsp; n, yang mana diketahui&nbsp;<img src=\"[base_url]uploads/topik_8/screen_shot_2020-03-30_at_1_46_57_pm.png\" />adalah rataan dari observasi ini</p>\r\n\r\n<p>Tentukan&nbsp;&szlig; dengan metoda maximum likelihood.</p>\r\n', 1, '', 1, 1, NULL, 0, NULL, 0, 0, 1),
(456, 8, '<p>Diketahui:</p>\r\n\r\n<p><img src=\"[base_url]uploads/topik_8/screen_shot_2020-03-30_at_1_44_12_pm.png\" /></p>\r\n', 1, '', 1, 1, NULL, 0, NULL, 0, 0, 1),
(457, 8, '<p>Diketahui:</p>\r\n\r\n<p><img src=\"[base_url]uploads/topik_8/screen_shot_2020-03-30_at_1_41_24_pm.png\" /><br />\r\n<br />\r\nHitung standard kredibilitas Buhlmann</p>\r\n', 1, '', 1, 1, NULL, 0, NULL, 0, 0, 1),
(458, 8, '<p>Diketahui:<br />\r\n<img src=\"[base_url]uploads/topik_8/screen_shot_2020-03-30_at_1_40_39_pm.png\" /><br />\r\n&nbsp;</p>\r\n', 1, '', 1, 1, NULL, 0, NULL, 0, 0, 1),
(459, 8, '<p>Distribusi kejadian atas 84 polis yang dipilih secara acak sebagai berikut :</p>\r\n\r\n<table border=\"1\" bordercolor=\"#ccc\" cellpadding=\"5\" cellspacing=\"0\" style=\"border-collapse:collapse\">\r\n	<tbody>\r\n		<tr>\r\n			<td>\r\n			<p>Banyaknya kejadian</p>\r\n			</td>\r\n			<td>\r\n			<p>Banyaknya polis</p>\r\n			</td>\r\n		</tr>\r\n		<tr>\r\n			<td>\r\n			<p>0</p>\r\n			</td>\r\n			<td>\r\n			<p>32</p>\r\n			</td>\r\n		</tr>\r\n		<tr>\r\n			<td>\r\n			<p>1</p>\r\n			</td>\r\n			<td>\r\n			<p>26</p>\r\n			</td>\r\n		</tr>\r\n		<tr>\r\n			<td>\r\n			<p>2</p>\r\n			</td>\r\n			<td>\r\n			<p>12</p>\r\n			</td>\r\n		</tr>\r\n		<tr>\r\n			<td>\r\n			<p>3</p>\r\n			</td>\r\n			<td>\r\n			<p>7</p>\r\n			</td>\r\n		</tr>\r\n		<tr>\r\n			<td>\r\n			<p>4</p>\r\n			</td>\r\n			<td>\r\n			<p>4</p>\r\n			</td>\r\n		</tr>\r\n		<tr>\r\n			<td>\r\n			<p>5</p>\r\n			</td>\r\n			<td>\r\n			<p>2</p>\r\n			</td>\r\n		</tr>\r\n		<tr>\r\n			<td>\r\n			<p>6</p>\r\n			</td>\r\n			<td>\r\n			<p>1</p>\r\n			</td>\r\n		</tr>\r\n		<tr>\r\n			<td>\r\n			<p>Total</p>\r\n			</td>\r\n			<td>\r\n			<p>84</p>\r\n			</td>\r\n		</tr>\r\n	</tbody>\r\n</table>\r\n\r\n<p>Dengan menghitung rataan dan variansi sampel data di atas, pilihlah model berikut yang paling merepresentasikan data diatas</p>\r\n', 1, '', 1, 1, NULL, 0, NULL, 0, 0, 1),
(460, 8, '<p>Peubah acak N memiliki distribusi gabungan</p>\r\n\r\n<p>i. Dengan peluang p, N memiliki distribusi&nbsp; binomial degan q=0,5 dan m = 2</p>\r\n\r\n<p>ii. Dengan peluang 1-p, N memiliki distribusi binomial dengan q = 0,5 dan m = 4</p>\r\n\r\n<p>Persamaan berikut yang tepat untk Pr(N=2) adalah</p>\r\n\r\n<p>&nbsp;</p>\r\n', 1, '', 1, 1, NULL, 0, NULL, 0, 0, 1),
(461, 8, '<p>Besaran klaim memiliki fungsi distribusi<br />\r\n<img src=\"[base_url]uploads/topik_8/screen_shot_2020-03-30_at_1_33_59_pm.png\" /><br />\r\nSebuah perusahaan asuransi membayar 80% dari besar kerugian diluar (in-excess of) deductible sebesar 20, dengan syarat maksimum pembayaran 60 per kerugian.<br />\r\nHitung ekspektasi bersyarat pembayaran klaim, jika diberikan bahwa pembayaran telah dilakukan.</p>\r\n', 1, '', 1, 1, NULL, 0, NULL, 0, 0, 1),
(462, 8, '<p>Sebuah perusahaan asuransi telah menentukan standard kredibilitas penuh fluktuasi terbatas sebanyak 2.000 klaim dengan kondisi:<br />\r\ni. Total banyaknya klaim berada dalam range 3% dari nilai benar (true value) dengan peluang p<br />\r\nii. Banyaknya klaim memiliki distribusi Poisson<br />\r\nStandard tersebut diubah sehingga total besar klaim berada dalam range 5% dari nilai benar dengan peluang p, dimana besar klaim (claim severity) memiliki fungsi kepadatan peluang s<br />\r\n&nbsp; &nbsp; &nbsp; &nbsp; &nbsp;<img src=\"[base_url]uploads/topik_8/screen_shot_2020-03-30_at_1_33_21_pm.png\" /><br />\r\nDengan menggunakan limited fluctuation credibility, hitung ekspektasi banyak klaim yang dibutuhkan untuk mendapatkan kredibiltas penuh dalam standard yang baru</p>\r\n', 1, '', 1, 1, NULL, 0, NULL, 0, 0, 1),
(463, 8, '<p>Diberikan informasi sebagai berikut :</p>\r\n\r\n<p><img src=\"[base_url]uploads/topik_8/screen_shot_2020-03-30_at_1_31_50_pm.png\" /><br />\r\n<br />\r\nTentukan modus dari distribusi posterior q</p>\r\n', 1, '', 1, 1, NULL, 0, NULL, 0, 0, 1),
(464, 8, '<p>Untuk setiap pemegang polis asuransi, besar kerugian X1,...Xn, bersyarat&nbsp;&Theta;, saling bebas dan identik dengan rata-rata</p>\r\n\r\n<p><img src=\"[base_url]uploads/topik_8/screen_shot_2020-03-30_at_1_30_37_pm.png\" /></p>\r\n', 1, '', 1, 1, NULL, 0, NULL, 0, 0, 1),
(465, 8, '<p>Sebuah sampel acak berukuran n diambil dari distribusi dengan fungsi kepadatan peluang</p>\r\n\r\n<p><img src=\"[base_url]uploads/topik_8/screen_shot_2020-03-30_at_1_24_10_pm.png\" /></p>\r\n', 1, '', 1, 1, NULL, 0, NULL, 0, 0, 1),
(466, 8, '<p>Diketahui:<br />\r\n<img src=\"[base_url]uploads/topik_8/screen_shot_2020-03-30_at_8_04_04_am.png\" /><br />\r\nDengan &alpha; adalah konstanta diketahui lebih besar dari 2. Secara acak dipilih polis yang memiliki x klaim di tahun 1.</p>\r\n\r\n<p>Tentukan estimasi kredibilitas <em>Buhlmann</em> atas banyaknya klaim dari polis yang terpilih di tahun kedua</p>\r\n', 1, '', 1, 1, NULL, 0, NULL, 0, 0, 1),
(467, 8, '<p>Diketahui:<br />\r\n<img src=\"[base_url]uploads/topik_8/screen_shot_2020-03-30_at_8_02_30_am.png\" /><br />\r\n<br />\r\nTerhadap satu pemegang polis, 10 klaim berhasil diobservasi di tahun pertama. Hitung ekspektasi Bayesian banyaknya klaim di tahun 2</p>\r\n', 1, '', 1, 1, NULL, 0, NULL, 0, 0, 1),
(468, 8, '<p>Diberikan sampel acak dari suatu observasi sebagai berikut:<br />\r\n<img src=\"[base_url]uploads/topik_8/screen_shot_2020-03-30_at_8_01_36_am.png\" /><br />\r\nAnda akan mengetest suatu hipotesis bahwa fungsi peluang kepadatannya adalah<br />\r\n<img src=\"[base_url]uploads/topik_8/screen_shot_2020-03-30_at_8_02_02_am.png\" /><br />\r\nTentukan nilai statistik dari uji Kolmogorov-Smirnov</p>\r\n', 1, '', 1, 1, NULL, 0, NULL, 0, 0, 1),
(469, 8, '<p>Pada suatu portofolio polis asuransi kendaraan bermotor, diketahui bahwa<br />\r\ni. Banyaknya klaim untuk masing-masing pemegang polis berdistribusi Poisson<br />\r\nbersyarat<br />\r\nii. Di tahun 1, didapati data sebagai berikut</p>\r\n\r\n<table>\r\n	<tbody>\r\n		<tr>\r\n			<td>\r\n			<p>Banyak Klaim</p>\r\n			</td>\r\n			<td>\r\n			<p>Banyak Pemegang Polis</p>\r\n			</td>\r\n		</tr>\r\n		<tr>\r\n			<td>\r\n			<p>0</p>\r\n			</td>\r\n			<td>\r\n			<p>2.000</p>\r\n			</td>\r\n		</tr>\r\n		<tr>\r\n			<td>\r\n			<p>1</p>\r\n			</td>\r\n			<td>\r\n			<p>600</p>\r\n			</td>\r\n		</tr>\r\n		<tr>\r\n			<td>\r\n			<p>2</p>\r\n			</td>\r\n			<td>\r\n			<p>300</p>\r\n			</td>\r\n		</tr>\r\n		<tr>\r\n			<td>\r\n			<p>3</p>\r\n			</td>\r\n			<td>\r\n			<p>80</p>\r\n			</td>\r\n		</tr>\r\n		<tr>\r\n			<td>\r\n			<p>4</p>\r\n			</td>\r\n			<td>\r\n			<p>20</p>\r\n			</td>\r\n		</tr>\r\n		<tr>\r\n			<td>\r\n			<p>Total</p>\r\n			</td>\r\n			<td>\r\n			<p>3.000</p>\r\n			</td>\r\n		</tr>\r\n	</tbody>\r\n</table>\r\n\r\n<p>Hitung faktor kredibilitas, Z, pada tahun ke 2!</p>\r\n', 1, '', 1, 1, NULL, 0, NULL, 0, 0, 1),
(470, 8, '<p>Diketahui:<br />\r\n<img src=\"[base_url]uploads/topik_8/screen_shot_2020-03-30_at_8_00_15_am.png\" /></p>\r\n', 1, '', 1, 1, NULL, 0, NULL, 0, 0, 1),
(471, 8, '<p>Diketahui:<br />\r\n&nbsp;</p>\r\n\r\n<p><img src=\"[base_url]uploads/topik_8/screen_shot_2020-03-30_at_7_56_39_am.png\" /></p>\r\n', 1, '', 1, 1, NULL, 0, NULL, 0, 0, 1),
(472, 9, '<p>CAPM mengasumsikan bahwa pasar sekuritas adalah ideal dalam arti berikut ini, <strong>kecuali</strong> :</p>\r\n', 1, '', 1, 1, NULL, 0, NULL, 0, 0, 1),
(473, 9, 'Berdasarkan Peraturan Otoritas Jasa Keuangan (POJK) nomor 3/POJK.05/2015 tentang Investasi Dana Pensiun, dalam pasal 8, Investasi pada Reksa Dana berbentuk kontrak investasi kolektif penyertaan terbatas dan MTN sebagaimana dimaksud dalam Pasal 2 ayat (1) huruf i angka 3 dan huruf j, masing-masing dilarang melebihi ....... % dari jumlah investasi Dana Pensiun:', 1, NULL, 1, 1, NULL, 0, NULL, 0, 0, 1),
(474, 9, '<p>Berdasarkan Peraturan Otoritas Jasa Keuangan (POJK) Nomor 71/POJK.05/2016 tentang Kesehatan Keuangan Perusahan Asuransi dan Reasuransi, dalam pasal 18 : Aset Yang Diperkenankan dalam bentuk investasi sebagaimana dimaksud dalam Pasal 5 dan Aset Yang Diperkenankan dalam bentuk bukan investasi sebagaimana dimaksud dalam Pasal 17 harus memiliki persyaratan berikut, <strong>kecuali</strong> :</p>\r\n', 1, '', 1, 1, NULL, 0, NULL, 0, 0, 1),
(475, 9, '<p>Perhatikan 2 Pernyatan mengenai Manajemen Portofolio berikut ;<br />\r\n<strong>Pernyataan 1</strong>: Investor yang menghindari risiko dapat mencapai tradeoff pengembalian-risiko (risk-return tradeoff) yang lebih baik dengan menginvestasikan sebagian dari portofolionya dalam Aset A, yang lebih berisiko daripada portofolionya saat ini, hanya jika korelasi antara portofolionya saat ini dan Aset A bernilai negatif.<br />\r\n<strong>Pernyataan 2</strong>: Investor yang lebih menghindari risiko (risk-averse) akan memiliki kurva indiferen yang lebih curam daripada investor yang kurang menghindari risiko.<br />\r\nManakah dari 2 pernyataan diatas yang benar?</p>\r\n', 1, '', 1, 1, NULL, 0, NULL, 0, 0, 1),
(476, 9, '<p>Andaikan ada banyak saham di pasar sekuritas dan karakteristik saham A dan B sebagai berikut:</p>\r\n\r\n<table border=\"1\" bordercolor=\"#ccc\" cellpadding=\"5\" cellspacing=\"0\" style=\"border-collapse:collapse\">\r\n	<tbody>\r\n		<tr>\r\n			<td>\r\n			<p>Saham</p>\r\n			</td>\r\n			<td>\r\n			<p>Imbal hasil yang diharapkan</p>\r\n			</td>\r\n			<td>\r\n			<p>Deviasi standar</p>\r\n			</td>\r\n		</tr>\r\n		<tr>\r\n			<td>\r\n			<p>A</p>\r\n			</td>\r\n			<td>\r\n			<p>9%</p>\r\n			</td>\r\n			<td>\r\n			<p>5%</p>\r\n			</td>\r\n		</tr>\r\n		<tr>\r\n			<td>\r\n			<p>B</p>\r\n			</td>\r\n			<td>\r\n			<p>16%</p>\r\n			</td>\r\n			<td>\r\n			<p>11%</p>\r\n			</td>\r\n		</tr>\r\n	</tbody>\r\n</table>\r\n\r\n<p>Jika diasumsikan korelasi = -1 dan investor bisa meminjam pada suku bunga bebas resiko</p>\r\n', 1, '', 1, 1, NULL, 0, NULL, 0, 0, 1),
(477, 9, '<p>Seorang analis mengumpulkan informasi mengenai sekuritas berikut. Indeks dibuat pada tanggal 1 Januari 2016, nilai awalnya ditetapkan 1.000. Tabel terdiri dari 3 sekuritas berikut;<br />\r\n<img src=\"[base_url]uploads/topik_9/screen_shot_2020-04-01_at_6_24_10_am.png\" /><br />\r\nBila dividen dibayarkan pada akhir tahun dan tingkat imbal hasil untuk tahun 2016 adalah 8,25%, maka nilai pada akhir tahun 2017 adalah ... (nilai yang terdekat) :</p>\r\n', 1, '', 1, 1, NULL, 0, NULL, 0, 0, 1),
(478, 9, 'Tingkat pertumbuhan dividen Perusahaan PT. ABC diharapkan menjadi 20% per tahun untuk tiga tahun ke depan. Setelah tiga tahun, tingkat pertumbuhan dividen perusahaan akan stabil pada 7%. Pembayaran dividen terakhir PT. ABC adalah Rp. 4 juta per saham. Jika diketahui bahwa biaya ekuitasnya adalah 12%, nilai terkini saham PT. ABC adalah Rp. Juta ... (jawaban terdekat)', 1, NULL, 1, 1, NULL, 0, NULL, 0, 0, 1),
(479, 9, 'Berdasarkan CAPM, diketahui informasi sebagai berikut :<br /> A adalah tingkat pengembalian yang diharapkan untuk sebuah saham dengan beta 1,2, ketika tingkat suku bunga bebas risiko adalah 6% dan tingkat pengembalian pasar adalah 12% dan;<br /> B adalah tingkat pengembalian yang diminta untuk suatu saham dengan beta 0,7, ketika tingkat bebas risiko adalah 7% dan tingkat pengembalian pasar yang diharapkan adalah 14%.<br />Hitung A + B. Pilih jawaban pembulatan terdekat!', 1, NULL, 1, 1, NULL, 0, NULL, 0, 0, 1),
(480, 9, 'Johan membeli 130 saham PT. XYZ seharga Rp. 45.000 per saham, dengan margin. Dia menjual sahamnya setelah satu tahun seharga Rp. 52.000 per lembar.<br />Diketahui Informasi berikut :<br /> Dividen diterima pada saham = Rp. 500 per saham  Komisi dibayar = Rp. 150 per saham<br /> Leverage ratio = 2.5<br /> Call money rate = 6,5%<br /> Government bill rate = 6%<br />Total laba atas investasi Johan adalah (jawaban terdekat):<br />', 1, NULL, 1, 1, NULL, 0, NULL, 0, 0, 1),
(481, 9, 'Obligasi A dan Obligasi B keduanya merupakan obligasi dengan kupon tahunan dan berjangka waktu 5 (lima) tahun, dimana obligasi nilai par 10.000 yang dibeli untuk menghasilkan tingkat imbal hasil efektif tahunan sebesar 4%.<br />Diketahui informasi sebagai berikut :<br />i) Obligasi A memiliki tingkat kupon tahunan sebesar r%, nilai penebusan 10% di bawah par, dan harga P.<br />ii) Obligasi B memiliki tingkat kupon tahunan (r + 1)%, nilai penebusan 10% di atas par, dan harga 1,2 P.<br />Hitung r% pada pebulatan terdekat!', 1, NULL, 1, 1, NULL, 0, NULL, 0, 0, 1),
(482, 9, 'Saham ABC mempunyai ekspektasi ROE sebesar 12% per tahun, ekspektasi laba per saham adalah Rp. 2 juta dan ekspektasi dividen adalah Rp1,5 juta per lembar saham. Tingkat kapitalisasi pasar adalah 10% per tahun.<br />Hitung rasio P/E-nya!<br />', 1, NULL, 1, 1, NULL, 0, NULL, 0, 0, 1),
(483, 9, 'Suatu perusahaan asuransi baru saja membayar dividen tahunan sebesar Rp. 3 ribu per lembar saham. Dividen diperkirakan akan tumbuh 8% per tahun, selamanya. Beta saham perusahaan 1,0 sedangkan imbal hasil bebas risiko adalah 6% dan premi risiko pasar 8%. Berapa nilai intrinsik saham (Rp. ribu)? Pilih jawaban pembulatan terdekat!<br />', 1, NULL, 1, 1, NULL, 0, NULL, 0, 0, 1),
(484, 9, 'Suatu Perusahaan Asuransi memiliki target struktur modal 40% hutang dan 60% ekuitas. Diketahui informasi lainnya sebagai berikut :<br />• Obligasi dengan nilai nominal Rp. 1.000 Juta dengan pembayaran kupon 10% (setengah tahunan), jatuh tempo dalam 20 tahun, dan dijual seharga Rp. 849,54 juta dengan imbal hasil hingga jatuh tempo sebesar 12%.<br />• Beta saham perusahaan adalah 1,2.<br />• Tingkat bebas risiko adalah 10%, dan premi risiko pasar adalah 5%.<br />• Perusahaan bertumbuh secara konstan dengan membayarkan dividen sebesar Rp 2 juta, dijual seharga Rp. 27 juta per saham, dan memiliki tingkat pertumbuhan sebesar 8%.<br />• Tingkat pajak marjinal perusahaan adalah 40%.<br />Cost of equity dari perusahaan dengan menggunakan Capital Asset Pricing Model (CAPM) adalah.... Pilih jawaban palin terdekat!', 1, NULL, 1, 1, NULL, 0, NULL, 0, 0, 1),
(485, 9, 'Dony memiliki pinjaman 500.000 dari Bank. Menurut ketentuan pinjaman, Dony akan membayar bunga setiap tahun kepada Bank berdasarkan LIBOR ditambah 120 basis poin. Selain itu, Dony<br />akan membayar pokok 500.000 pada akhir lima tahun.<br />Dony lebih memilih untuk mengetahui biaya bunga tahunan yang akan dikeluarkan. Untuk memperbaiki tingkat bunga pinjaman, Dony masuk ke swap suku bunga lima tahun dengan jumlah nosional 500.000 dan tanggal penyelesaian tahunan. Syarat swap adalah bahwa Dony akan melakukan pembayaran swap berdasarkan tingkat bunga tetap sebesar 5,35% dan akan menerima pembayaran swap berdasarkan tingkat LIBOR variabel ditambah 50 basis poin. Selama tahun ketiga pinjaman, LIBOR adalah 5,6%.<br />Hitung pembayaran bunga bersih yang dibuat oleh Dony pada akhir tahun ketiga.', 1, NULL, 1, 1, NULL, 0, NULL, 0, 0, 1),
(486, 9, '<p>Agatha dan Kristi memasuki swap tingkat bunga empat tahun pada tanggal 5 Mei 2015. Jumlah nosional dari swap adalah senilai 250.000 untuk selama empat tahun. Swap ini memiliki periode penyelesaian tahunan dengan periode pertama dimulai pada 5 Mei 2015.<br />\r\nMelalui swap, Agatha setuju untuk membayar suku bunga variabel berdasarkan kurs spot satu tahun pada awal setiap periode penyelesaian. Kristi akan membayar Agatha tarif tetap sebesar 4% pada setiap tanggal penyelesaian.<br />\r\nPada 5 Mei 2017, kurva suku bunga spot adalah sebagai berikut:</p>\r\n\r\n<table border=\"1\" bordercolor=\"#ccc\" cellpadding=\"5\" cellspacing=\"0\" style=\"border-collapse:collapse\">\r\n	<tbody>\r\n		<tr>\r\n			<td>\r\n			<p>Waktu (t)</p>\r\n			</td>\r\n			<td>\r\n			<p>Spot Rate (rt )</p>\r\n			</td>\r\n		</tr>\r\n		<tr>\r\n			<td>\r\n			<p>1</p>\r\n			</td>\r\n			<td>\r\n			<p>3.8%</p>\r\n			</td>\r\n		</tr>\r\n		<tr>\r\n			<td>\r\n			<p>2</p>\r\n			</td>\r\n			<td>\r\n			<p>4.1%</p>\r\n			</td>\r\n		</tr>\r\n		<tr>\r\n			<td>\r\n			<p>3</p>\r\n			</td>\r\n			<td>\r\n			<p>4.3%</p>\r\n			</td>\r\n		</tr>\r\n		<tr>\r\n			<td>\r\n			<p>4</p>\r\n			</td>\r\n			<td>\r\n			<p>4.5%</p>\r\n			</td>\r\n		</tr>\r\n		<tr>\r\n			<td>\r\n			<p>5</p>\r\n			</td>\r\n			<td>\r\n			<p>4.7%</p>\r\n			</td>\r\n		</tr>\r\n	</tbody>\r\n</table>\r\n\r\n<p>Agatha memutuskan bahwa dia ingin menjual swap pada 5 Mei 2017. Hitung nilai pasar swap pada 5 Mei 2017, dari posisi Agatha dalam swap. Pilih jawaban pembulatan terdekat!</p>\r\n', 1, '', 1, 1, NULL, 0, NULL, 0, 0, 1),
(487, 9, 'Suatu reksadana tertutup memulai tahunnya dengan nilai aktiva bersih (NAB) sebesar Rp 1.100. Pada akhir tahun, NAB-nya adalah Rp 1.150. Pada awal tahun berikutnya, reksadana tersebut dijual dengan premi 1,5% terhadap NAB. Reksadana tersebut membayar distribusi laba dan keuntungan modal akhir tahun sebesar Rp 200. Tingkat imbal hasil investor pada tahun tersebut 15,25%. Pada akhir tahun, berapa tingkat diskonto terhadap NAB reksadana tersebut dijual? Pilih jawaban pembulatan terdekat!', 1, NULL, 1, 1, NULL, 0, NULL, 0, 0, 1),
(488, 9, 'Suatu perusahaan asuransi harus membayar kewajiban 1.000 pada akhir tahun 1 dan X pada akhir tahun 2. Investasi yang tersedia adalah:<br />i) Obligasi tanpa bunga satu tahun dengan imbal hasil efektif tahunan 5%<br />ii) Obligasi dua tahun dengan nilai par 1.000 dan 10% kupon tahunan, dengan imbal<br />hasil efektif tahunan 6%<br />Perusahaan menghitung portofolio yang menghasilkan strategi pencocokan arus kas yang tepat untuk kewajiban ini. Total harga pembelian portofolio ini adalah 1.783,76. Hitung jumlah yang diinvestasikan dalam obligasi tanpa kupon satu tahun. Pilih jawaban pembulatan terdekat!', 1, NULL, 1, 1, NULL, 0, NULL, 0, 0, 1),
(489, 9, 'Pada tanggal 1 Januari, akun investasi bernilai 50.000. Pada tanggal 1 Mei, nilainya telah meningkat menjadi 52.000 dan 8.000 pokok barunya disimpan. Pada waktu t (tahun), (4/12 &lt;t &lt;1), nilai dana telah meningkat menjadi 62.000 dan 10.000 ditarik. Pada tanggal 1 Januari tahun depan, akun investasi bernilai 55.000. Tingkat pengembalian dollar-weighted (menggunakan pendekatan bunga sederhana) sama dengan tingkat pengembalian tertimbang waktu (time-weighted)untuk tahun ini.<br />Hitung nilai t pada pembulatan terdekat!', 1, NULL, 1, 1, NULL, 0, NULL, 0, 0, 1),
(490, 9, '<p>Diketahui forward rate 1 tahunan, ditangguhkan selama t tahun, diestimasikan sebagai berikut;<br />\r\n<img src=\"[base_url]uploads/topik_9/screen_shot_2020-04-01_at_6_22_42_am.png\" /><br />\r\nHitung kurs spot untuk obligasi tanpa kupon yang jatuh tempo tiga tahun dari sekarang. Pilih<br />\r\njawaban pembulatan yang terdekat!</p>\r\n', 1, '', 1, 1, NULL, 0, NULL, 0, 0, 1),
(491, 9, 'Diketahui n-tahun obligasi dengan kupon semi-tahunan memiliki karakteristik sebagai berikut:<br />i) Nilai nominal dan nilai penebusan adalah 2.500;<br />ii) Tingkat kupon tahunan adalah 7% dibayarkan setiap enam bulan;<br />iii) Hasil nominal tahunan hingga jatuh tempo adalah 8% konvertibel setiap semester; dan iv) Nilai buku segera setelah kupon keempat adalah 8,44 lebih besar dari nilai buku segera setelah kupon ketiga.<br />Hitung nilai n!', 1, NULL, 1, 1, NULL, 0, NULL, 0, 0, 1),
(492, 9, '<p>Tabel berikut adalah ekspektasi imbal hasil atas saham X dan saham Y :<br />\r\n<img src=\"[base_url]uploads/topik_9/screen_shot_2020-04-01_at_6_21_47_am.png\" /><br />\r\nAsumsikan bahwa portofolio anda sebesar Rp 1,8Milyar, terdiri atas investasi di saham A sebesar Rp 1Milyar dan saham B sebesar Rp 800juta. Berapa imbal hasil yang diharapkan atas portofolio anda? Pilih jawaban pembulatan terdekat!</p>\r\n', 1, '', 1, 1, NULL, 0, NULL, 0, 0, 1),
(493, 9, '<p>Suatu perusahaan berencana untuk menginvestasikan X pada awal setiap bulan dalam obligasi tanpa kupon untuk mengakumulasi 100.000 pada akhir enam bulan. Harga setiap obligasi sebagai persentase nilai penebusan diberikan dalam tabel berikut:</p>\r\n\r\n<table border=\"1\" bordercolor=\"#ccc\" cellpadding=\"5\" cellspacing=\"0\" style=\"border-collapse:collapse\">\r\n	<tbody>\r\n		<tr>\r\n			<td>\r\n			<p>Maturity (bulan)</p>\r\n			</td>\r\n			<td>\r\n			<p>1</p>\r\n			</td>\r\n			<td>\r\n			<p>2</p>\r\n			</td>\r\n			<td>\r\n			<p>3</p>\r\n			</td>\r\n			<td>\r\n			<p>4</p>\r\n			</td>\r\n			<td>\r\n			<p>5</p>\r\n			</td>\r\n			<td>\r\n			<p>6</p>\r\n			</td>\r\n		</tr>\r\n		<tr>\r\n			<td>\r\n			<p>Harga</p>\r\n			</td>\r\n			<td>\r\n			<p>99%</p>\r\n			</td>\r\n			<td>\r\n			<p>98%</p>\r\n			</td>\r\n			<td>\r\n			<p>97%</p>\r\n			</td>\r\n			<td>\r\n			<p>96%</p>\r\n			</td>\r\n			<td>\r\n			<p>95%</p>\r\n			</td>\r\n			<td>\r\n			<p>94%</p>\r\n			</td>\r\n		</tr>\r\n	</tbody>\r\n</table>\r\n\r\n<p>Hitung X bila diketahui bahwa harga obligasi tidak akan berubah selama periode enam bulan. Pilih jawaban pembulatan terdekat!</p>\r\n', 1, '', 1, 1, NULL, 0, NULL, 0, 0, 1),
(494, 9, 'Seorang analis keuangan mengumpulkan informasi berikut tentang sebuah perusahaan:<br /> Dividen tahun depan = $ 3,75<br /> Tingkat pengembalian bebas risiko = 5%<br /> Risiko pasar premium = 8%<br /> Beta saham umum perusahaan = 1,1<br /><br />   Jika analis memperkirakan bahwa harga jual saham perusahaan setelah satu tahun akan menjadi $43, nilai saham biasa perusahaan saat ini adalah :<br />Pilih jawaban pembulatan terdekat!  ', 1, NULL, 1, 1, NULL, 0, NULL, 0, 0, 1),
(495, 9, '<p>Diketahui informasi sebagai berikut :<br />\r\n<img src=\"[base_url]uploads/topik_9/screen_shot_2020-04-01_at_6_20_15_am.png\" /><br />\r\nKoefisien korelasi antara Reksadana A dan Reksadana B adalah -0,2<br />\r\nDengan menggunakan instrument investasi yang ada diatas, imbal hasil yang diharapkan portofolio berisiko optimal adalah ? (dengan pembulatan terdekat):</p>\r\n', 1, '', 1, 1, NULL, 0, NULL, 0, 0, 1),
(496, 9, '<p>Ibu Feny membeli obligasi dengan kupon tahunan setahun yang lalu dan akan jatuh tempo 6 tahun kemudian. Tingkat imbal hasil kupon dari obligasi tersebut adalah 9% dan nilai par nya adalah USD 1.000. Di saat Ibu Feny membeli obligasi tersebut, tingkat imbal hasil hingga jatuh tempo adalah 7,5%. Jika Ibu Feny menjual obligasi tersebut setelah beliau mendapatkan pembayaran kupon yang pertama dan tingkat imbal hasil hingga jatuh tempo berubah menjadi 6%, berapakah tingkat imbal hasil tahunan yang diterima Ibu Feny selama menyimpan obligasi tersebut? Pilihlah jawaban yang paling mendekati!</p>\r\n', 1, '', 1, 1, NULL, 0, NULL, 0, 0, 1),
(497, 9, '<p>Seorang analis keuangan mengumpulkan data spot rate sebagai berikut :</p>\r\n\r\n<table border=\"1\" bordercolor=\"#ccc\" cellpadding=\"5\" cellspacing=\"0\" style=\"border-collapse:collapse\">\r\n	<tbody>\r\n		<tr>\r\n			<td>\r\n			<p>Waktu (Tahun)</p>\r\n			</td>\r\n			<td>\r\n			<p>Annual spot rate</p>\r\n			</td>\r\n		</tr>\r\n		<tr>\r\n			<td>\r\n			<p>1</p>\r\n			</td>\r\n			<td>\r\n			<p>15%</p>\r\n			</td>\r\n		</tr>\r\n		<tr>\r\n			<td>\r\n			<p>2</p>\r\n			</td>\r\n			<td>\r\n			<p>12,5%</p>\r\n			</td>\r\n		</tr>\r\n		<tr>\r\n			<td>\r\n			<p>3</p>\r\n			</td>\r\n			<td>\r\n			<p>10%</p>\r\n			</td>\r\n		</tr>\r\n		<tr>\r\n			<td>\r\n			<p>4</p>\r\n			</td>\r\n			<td>\r\n			<p>7,5%</p>\r\n			</td>\r\n		</tr>\r\n	</tbody>\r\n</table>\r\n\r\n<p>Hitung one-year forward rate, dua tahun dari sekarang !</p>\r\n', 1, '', 1, 1, NULL, 0, NULL, 0, 0, 1),
(498, 9, 'Suatu obligasi yang memiliki nilai par 1.000 memberikan tingkat bunga kupon 10% dibayar tengah tahunan ketika tingkat bunga pasar hanya sebesar 4,5% per enam bulan. Obligasi tersebut memiliki waktu 3 tahun lagi sebelum jatuh tempo. Berapakah harga obligasi tersebut 6 bulan dari sekarang setelah kupon berikutnya dibayarkan?', 1, NULL, 1, 1, NULL, 0, NULL, 0, 0, 1),
(499, 9, 'Obligasi pada awalnya diperdagangkan dengan harga Rp. 98.725. Jika suku bunga turun 25bp (basis point), harganya diperkirakan akan naik menjadi Rp. 99.875. Di sisi lain, jika suku bunga meningkat sebesar 25bp, harganya diperkirakan turun menjadi Rp. 97.465. Nilai terdekat dari durasi modifikasi obligasi tersebut adalah...', 1, NULL, 1, 1, NULL, 0, NULL, 0, 0, 1),
(500, 9, '<p>Diketahui informasi mengenai obligasi sebagai berikut:</p>\r\n\r\n<table border=\"1\" bordercolor=\"#ccc\" cellpadding=\"5\" cellspacing=\"0\" style=\"border-collapse:collapse\">\r\n	<tbody>\r\n		<tr>\r\n			<td>&nbsp;</td>\r\n			<td>\r\n			<p>Obligasi A</p>\r\n			</td>\r\n			<td>\r\n			<p>Obligasi B</p>\r\n			</td>\r\n		</tr>\r\n		<tr>\r\n			<td>\r\n			<p>Masa jatuh tempo</p>\r\n			</td>\r\n			<td>\r\n			<p>10 tahun</p>\r\n			</td>\r\n			<td>\r\n			<p>10 tahun</p>\r\n			</td>\r\n		</tr>\r\n		<tr>\r\n			<td>\r\n			<p>Tingkat kupon tahunan</p>\r\n			</td>\r\n			<td>\r\n			<p>5,5%</p>\r\n			</td>\r\n			<td>\r\n			<p>8,5%</p>\r\n			</td>\r\n		</tr>\r\n		<tr>\r\n			<td>\r\n			<p>Imbal hasil jatuh tempo saat ini</p>\r\n			</td>\r\n			<td>\r\n			<p>6%</p>\r\n			</td>\r\n			<td>\r\n			<p>6%</p>\r\n			</td>\r\n		</tr>\r\n	</tbody>\r\n</table>\r\n\r\n<p>Jika imbal hasil hingga jatuh tempo untuk kedua obligasi tetap konstan selama jangka waktu yang tersisa, seiring waktu akan ada kemungkinan peningkatan harga pada :</p>\r\n', 1, '', 1, 1, NULL, 0, NULL, 0, 0, 1),
(501, 9, 'Seorang analis keuangan mengumpulkan informasi berikut tentang sebuah saham:<br /> Harga pasar saat ini = $ 32<br /> Dividen yang diharapkan pada akhir tahun = $ 2<br /> Harga yang diharapkan pada akhir tahun = $ 34<br /> Beta = 0,8<br /> Tingkat bebas risiko = 5%<br /> Premi risiko pasar ekuitas = 8%<br />Pernyataan yang benar mengenai saham ini adalah :', 1, NULL, 1, 1, NULL, 0, NULL, 0, 0, 1),
(502, 10, '<p>Perkembangan pesat di industri keuangan &ndash; baik dari sisi internal maupun eksternal &ndash; mengakibatkan semakin kompleksnya risiko bagi kegiatan usaha tersebut.</p>\r\n\r\n<ol>\r\n	<li>Jelaskan peran, tanggung jawab dan kemampuan yang idealnya dimiliki oleh seorang CRO (Chief Risk Officer) dalam mengelola risiko perusahaan. (5 poin)  </li>\r\n	<li>Berdasarkan peraturan OJK tentang Penerapan Manajemen Risiko untuk perusahaan  asuransi, apa yang Anda ketahui tentang: </li>\r\n</ol>\r\n\r\n<p>&nbsp; &nbsp; &nbsp; &nbsp; &nbsp; &nbsp; &nbsp; &nbsp; - Penanggung jawab atas efektivitas penerapan manajemen risiko di  perusahaan asuransi, berikut perannya? </p>\r\n\r\n<p>&nbsp; &nbsp; &nbsp; &nbsp; &nbsp; &nbsp; &nbsp; &nbsp; - Komite-komite apa saja yang wajib dibentuk dan apa fungsinya?  (5 poin)</p>\r\n', 2, '', 1, 1, NULL, 0, NULL, 0, 0, 60),
(503, 10, '<p>Perusahaan asuransi dapat dihadapkan pada Risiko Pasar (Market Risk).</p>\r\n\r\n<ol>\r\n	<li>Jelaskan definisi dari Risiko Pasar. (5 poin)  </li>\r\n	<li>Tipe-tipe risiko apa saja yang dapat muncul dalam Risiko Pasar? Jelaskan 3 (tiga) tipe  risiko utama beserta turunannya. (5 poin)</li>\r\n	<li>Value-at-risk (VaR) digunakan sebagai pengukuran utama dari Risiko Pasar. Jelaskan  apa yang diukur oleh VaR?  (5 poin)  </li>\r\n</ol>\r\n', 2, '', 1, 1, NULL, 0, NULL, 0, 0, 50),
(504, 10, '<p>Berikut ini adalah pertanyaan yang berkaitan dengan proses pricing dan profitability atas produk asuransi.</p>\r\n\r\n<ol>\r\n	<li>Sebutkan dan jelaskan 2 tujuan utama dari proses pricing. (5 poin)  </li>\r\n	<li>Jelaskan tujuan dari perhitungan profit dan jelaskan metode pengukuran profit apa saja yang dapat digunakan (10 poin)</li>\r\n</ol>\r\n', 2, '', 1, 1, NULL, 0, NULL, 0, 0, 40),
(505, 10, '<p>Jelaskan 3 jenis analisis pengendalian risiko (risk control analysis) berikut ini:</p>\r\n\r\n<ol>\r\n	<li>Scenario analysis  </li>\r\n	<li>Economic capital  </li>\r\n	<li>Risk indicators  </li>\r\n</ol>\r\n\r\n<p>Berikan contoh untuk masing-masing analisis tersebut. &nbsp;(15 poin)</p>\r\n', 2, '', 1, 1, NULL, 0, NULL, 0, 0, 40),
(506, 10, '<p>Kegagalan perusahaan asuransi seringkali disebabkan oleh kesalahan dalam mengelola aset dan liabilitas.</p>\r\n\r\n<ol>\r\n	<li>Jelaskan 4 (empat) jenis risiko yang terkait dengan hubungan antara aset dan liabilitas. (10 poin)  </li>\r\n	<li>Strategi apa saja yang dapat dilakukan oleh perusahaan asuransi dalam mengelola aset dan liabilitas untuk mengurangi risiko di atas? (10 poin)</li>\r\n</ol>\r\n', 2, '', 1, 1, NULL, 0, NULL, 0, 0, 30);
INSERT INTO cbt_soal (soal_id, soal_topik_id, soal_detail, soal_tipe, soal_kunci, soal_difficulty, soal_aktif, soal_audio, soal_audio_play, soal_timer, soal_inline_answers, soal_auto_next, soal_maks_nilai_esai) VALUES
(507, 10, '<p>Salah satu komponen dalam Actuarial Control Cycle adalah melakukan pemantauan atas perbedaan tingkat hasil investasi yang diharapkan (expected return) dengan tingkat hasil investasi aktual (actual return).</p>\r\n\r\n<p>Suatu perusahaan asuransi diketahui memiliki portofolio investasi atas 3 jenis aset. Alokasi dan tingkat hasil investasi (return) yang diharapkan untuk masing-masing aset adalah sebagai berikut:  </p>\r\n\r\n<table border=\"1\" cellspacing=\"0\">\r\n	<tbody>\r\n		<tr>\r\n			<td style=\"background-color:#efefef; width:106.0pt\">\r\n			<p>Jenis Aset</p>\r\n			</td>\r\n			<td style=\"background-color:#efefef; width:94.5pt\">\r\n			<p>Alokasi</p>\r\n			</td>\r\n			<td style=\"background-color:#efefef; width:86.0pt\">\r\n			<p><img src=\"[base_url]uploads/topik_10/5e83d5b426f14.png\" style=\"height:1px; width:1px\" /></p>\r\n\r\n			<p>Return</p>\r\n			</td>\r\n		</tr>\r\n		<tr>\r\n			<td style=\"width:106.0pt\">\r\n			<p>Saham</p>\r\n			</td>\r\n			<td style=\"width:94.5pt\">\r\n			<p>70,00%</p>\r\n			</td>\r\n			<td style=\"width:86.0pt\">\r\n			<p><img src=\"[base_url]uploads/topik_10/5e83d5b427167.png\" style=\"height:1px; width:1px\" /></p>\r\n\r\n			<p>20,00%</p>\r\n			</td>\r\n		</tr>\r\n		<tr>\r\n			<td style=\"width:106.0pt\">\r\n			<p>Pasar Uang</p>\r\n			</td>\r\n			<td style=\"width:94.5pt\">\r\n			<p>10,00%</p>\r\n			</td>\r\n			<td style=\"width:86.0pt\">\r\n			<p><img src=\"[base_url]uploads/topik_10/5e83d5b427167.png\" style=\"height:1px; width:1px\" /></p>\r\n\r\n			<p>8,00%</p>\r\n			</td>\r\n		</tr>\r\n		<tr>\r\n			<td style=\"width:106.0pt\">\r\n			<p>Pendapatan Tetap</p>\r\n			</td>\r\n			<td style=\"width:94.5pt\">\r\n			<p>20,00%</p>\r\n			</td>\r\n			<td style=\"width:86.0pt\">\r\n			<p><img src=\"[base_url]uploads/topik_10/5e83d5b42c941.png\" style=\"height:1px; width:1px\" />&nbsp;<img src=\"[base_url]uploads/topik_10/5e83d5b42caf3.png\" style=\"height:9px; width:1px\" /></p>\r\n\r\n			<p>12,00%</p>\r\n			</td>\r\n		</tr>\r\n	</tbody>\r\n</table>\r\n\r\n<p>&nbsp;</p>\r\n\r\n<p>Sedangkan, alokasi dan tingkat hasil investasi (return) aktual untuk masing-masing aset adalah sebagai berikut:</p>\r\n\r\n<table border=\"1\" cellspacing=\"0\">\r\n	<tbody>\r\n		<tr>\r\n			<td style=\"background-color:#efefef; width:106.0pt\">\r\n			<p>Jenis Aset</p>\r\n			</td>\r\n			<td style=\"background-color:#efefef; width:94.5pt\">\r\n			<p>Alokasi</p>\r\n			</td>\r\n			<td style=\"background-color:#efefef; width:86.0pt\">\r\n			<p><img src=\"[base_url]uploads/topik_10/5e83d5b426f14.png\" style=\"height:1px; width:1px\" /></p>\r\n\r\n			<p>Return</p>\r\n			</td>\r\n		</tr>\r\n		<tr>\r\n			<td style=\"width:106.0pt\">\r\n			<p>Saham</p>\r\n			</td>\r\n			<td style=\"width:94.5pt\">\r\n			<p>75,00%</p>\r\n			</td>\r\n			<td style=\"width:86.0pt\">\r\n			<p><img src=\"[base_url]uploads/topik_10/5e83d5b42c941.png\" style=\"height:1px; width:1px\" /></p>\r\n\r\n			<p>25,00%</p>\r\n			</td>\r\n		</tr>\r\n		<tr>\r\n			<td style=\"width:106.0pt\">\r\n			<p>Pasar Uang</p>\r\n			</td>\r\n			<td style=\"width:94.5pt\">\r\n			<p>15,00%</p>\r\n			</td>\r\n			<td style=\"width:86.0pt\">\r\n			<p><img src=\"[base_url]uploads/topik_10/5e83d5b427167.png\" style=\"height:1px; width:1px\" /></p>\r\n\r\n			<p>7,00%</p>\r\n			</td>\r\n		</tr>\r\n		<tr>\r\n			<td style=\"width:106.0pt\">\r\n			<p>Pendapatan Tetap</p>\r\n			</td>\r\n			<td style=\"width:94.5pt\">\r\n			<p>10,00%</p>\r\n			</td>\r\n			<td style=\"width:86.0pt\">\r\n			<p>10,00%</p>\r\n			</td>\r\n		</tr>\r\n	</tbody>\r\n</table>\r\n\r\n<p>&nbsp;</p>\r\n\r\n<ol>\r\n	<li>Berapakah selisih antara tingkat hasil investasi tertimbang (weighted) aktual dan yang diharapkan atas portofolio tersebut (yaitu nilai dari: actual return &ndash; expected return)?  (10 poin)  </li>\r\n	<li>Dengan menggunakan perhitungan analisis atribut (attribution analysis) - yaitu menghitung kontribusi dari alokasi aset, return dari jenis aset, dan interaksi antara   (15 poin)</li>\r\n</ol>\r\n', 2, '', 1, 1, NULL, 0, NULL, 0, 0, 20),
(508, 12, '<p>Berdasarkan Peraturan Otoritas Jasa Keuangan Nomor 8/POJK.05/2018 tentang Pendanaan Dana Pensiun, dalam rangka penetapan kualitas pendanaan suatu Program Pensiun Manfaat Pasti, Aktuaris harus menetapkan besar Kekayaan Untuk Pendanaan yang dihitung dari Aktiva Bersih atau Aset Neto. Aktiva Bersih atau Aset Neto dimaksud diperoleh dari Laporan Keuangan yang diaudit per tanggal valuasi aktuaria.</p>\r\n\r\n<ol>\r\n	<li>\r\n	<p>Sebutkan secara lengkap komponen dari Aset yang tidak dapat diperhitungkan sebagai Kekayaan Untuk Pendanaan.</p>\r\n	</li>\r\n	<li>\r\n	<p>Dalam hal tidak ada Laporan Keuangan yang diaudit per tanggal valuasi aktuaria, dari laporan apakah Aktiva Bersih atau Aset Neto dimaksud dapat diperoleh?</p>\r\n	</li>\r\n	<li>\r\n	<p>Dalam hal apa Aktuaris dapat menggunakan Laporan Keuangan yang tidak diaudit?</p>\r\n	</li>\r\n</ol>\r\n', 2, '', 1, 1, NULL, 0, NULL, 0, 0, 0),
(509, 7, '<p>test 123</p>\r\n', 1, '', 1, 1, NULL, 0, NULL, 0, 0, 1),
(510, 7, '<p>test 2</p>\r\n', 1, '', 1, 1, NULL, 0, NULL, 0, 0, 1),
(511, 21, '<p>Tipe income berikut dapat diklasifikasikan ke dalam akun asset, kecuali:</p>\r\n', 1, '', 1, 1, NULL, 0, NULL, 0, 0, 1),
(512, 22, '<p>Diketahui harga 1 unit produk suatu toko yang berlokasi di daerah Donggala (Sulawesi Tengah) adalah 150. Kemudian karena terjadi musibah tsunami, pemilik toko tersebut mengalami berbagai permasalahan sehingga terpaksa tidak beroperasi selama 1 bulan (namun fixed cost tetap 100% incurred). Net loss yang dialami toko pada bulan tersebut adalah 55.000. Apabila diketahui bahwa untuk mencapai break-even toko tersebut harus memperoleh total contribution margin sebesar 1375 kali lipat dari unit variable cost nya, berapakah net gain yang diperoleh toko tersebut jika dapat menjual 700 produk dalam satu bulan (pilih yang paling mendekati) ?</p>\r\n', 1, '', 1, 1, NULL, 0, NULL, 0, 0, 1),
(513, 21, '<p>test soal pemahaman</p>\r\n', 1, '', 1, 1, NULL, 0, NULL, 0, 0, 1),
(514, 22, '<p>test perhitungan</p>\r\n', 1, '', 1, 1, NULL, 0, NULL, 0, 0, 1),
(515, 23, '<p>siapa juara liga 1</p>\r\n', 2, '', 1, 1, NULL, 0, NULL, 0, 0, 50),
(516, 23, '<p>siapa juara liga 2</p>\r\n', 2, '', 1, 1, NULL, 0, NULL, 0, 0, 40),
(517, 23, '<p>siapa pemain terbaik liga 1</p>\r\n', 2, '', 1, 1, NULL, 0, NULL, 0, 0, 30),
(518, 23, '<p>siapa wasit terbaik liga 1</p>\r\n', 2, '', 1, 1, NULL, 0, NULL, 0, 0, 30),
(519, 23, '<p>siapa suporter terbaik liga 1</p>\r\n', 2, '', 1, 1, NULL, 0, NULL, 0, 0, 30),
(520, 23, '<p>siapa top skorer</p>\r\n', 2, '', 1, 1, NULL, 0, NULL, 0, 0, 30),
(521, 23, '<p>stadion terbaik</p>\r\n', 2, '', 1, 1, NULL, 0, NULL, 0, 0, 45),
(522, 23, '<p>manajer terbaik</p>\r\n', 2, '', 1, 1, NULL, 0, NULL, 0, 0, 45),
(523, 23, '<p>pelatih terbaik</p>\r\n', 2, '', 1, 1, NULL, 0, NULL, 0, 0, 35),
(524, 23, '<p>striker terbaik</p>\r\n', 2, '', 1, 1, NULL, 0, NULL, 0, 0, 35),
(525, 2, '<p>dfdsfds</p>\r\n', 2, '', 1, 1, NULL, 0, NULL, 0, 0, 33),
(566, 2, '<p>asdfasdfsdaf</p>\r\n', 2, '', 1, 1, NULL, 0, NULL, 0, 0, 10),
(567, 2, '<p>12121212</p>\r\n', 2, '', 1, 1, NULL, 0, NULL, 0, 0, 10),
(568, 2, '<p>1212121</p>\r\n', 2, '', 1, 1, NULL, 0, NULL, 0, 0, 10),
(569, 2, '<p>121212121</p>\r\n', 2, '', 1, 1, NULL, 0, NULL, 0, 0, 10),
(570, 2, '<p>12121212</p>\r\n', 2, '', 1, 1, NULL, 0, NULL, 0, 0, 10),
(571, 2, '<p>12121212</p>\r\n', 2, '', 1, 1, NULL, 0, NULL, 0, 0, 10),
(572, 25, '<p>PG 1 Level 1</p>\r\n', 1, '', 1, 1, NULL, 0, NULL, 0, 0, 1),
(573, 25, '<p>PG 2 Level 1</p>\r\n', 1, '', 1, 1, NULL, 0, NULL, 0, 0, 1),
(574, 25, '<p>PG 3 Level 1</p>\r\n', 1, '', 1, 1, NULL, 0, NULL, 0, 0, 1),
(575, 25, '<p>PG 4 Level 1</p>\r\n', 1, '', 1, 1, NULL, 0, NULL, 0, 0, 1),
(576, 25, '<p>PG 5 Level 1</p>\r\n', 1, '', 1, 1, NULL, 0, NULL, 0, 0, 1),
(577, 25, '<p>PG 6 Level 1</p>\r\n', 1, '', 1, 1, NULL, 0, NULL, 0, 0, 1),
(578, 25, '<p>PG 7 Level 1</p>\r\n', 1, '', 1, 1, NULL, 0, NULL, 0, 0, 1),
(579, 25, '<p>PG 1 Level 2</p>\r\n', 1, '', 2, 1, NULL, 0, NULL, 0, 0, 1),
(580, 25, '<p>PG 2 Level 2</p>\r\n', 1, '', 2, 1, NULL, 0, NULL, 0, 0, 1),
(581, 25, '<p>PG 3 Level 2</p>\r\n', 1, '', 2, 1, NULL, 0, NULL, 0, 0, 1),
(582, 25, '<p>PG 4 Level 2</p>\r\n', 1, '', 2, 1, NULL, 0, NULL, 0, 0, 1),
(583, 25, '<p>PG 5 Level 2</p>\r\n', 1, '', 2, 1, NULL, 0, NULL, 0, 0, 1),
(584, 25, '<p>PG 6 Level 2</p>\r\n', 1, '', 2, 1, NULL, 0, NULL, 0, 0, 1),
(585, 25, '<p>PG 7 Level 2</p>\r\n', 1, '', 2, 1, NULL, 0, NULL, 0, 0, 1),
(586, 25, '<p>PG 8 Level 2</p>\r\n', 1, '', 2, 1, NULL, 0, NULL, 0, 0, 1),
(587, 25, '<p>Essay 1 Level 1</p>\r\n', 2, '', 1, 1, NULL, 0, NULL, 0, 0, 10),
(588, 25, '<p>Essay 2 Level 1</p>\r\n', 2, '', 1, 1, NULL, 0, NULL, 0, 0, 10),
(589, 25, '<p>Essay 3 Level 1</p>\r\n', 2, '', 1, 1, NULL, 0, NULL, 0, 0, 10),
(590, 25, '<p>Essay 4 Level 1</p>\r\n', 2, '', 1, 1, NULL, 0, NULL, 0, 0, 10),
(591, 25, '<p>Essay 5 Level 1</p>\r\n', 2, '', 1, 1, NULL, 0, NULL, 0, 0, 10),
(592, 25, '<p>Essay 1 Level 2</p>\r\n', 2, '', 2, 1, NULL, 0, NULL, 0, 0, 10),
(593, 25, '<p>Essay 2 Level 2</p>\r\n', 2, '', 2, 1, NULL, 0, NULL, 0, 0, 10),
(594, 25, '<p>Essay 3 Level 2</p>\r\n', 2, '', 2, 1, NULL, 0, NULL, 0, 0, 10),
(595, 25, '<p>Essay 4 Level 2</p>\r\n', 2, '', 2, 1, NULL, 0, NULL, 0, 0, 10),
(596, 25, '<p>Essay 5 Level 2</p>\r\n', 2, '', 2, 1, NULL, 0, NULL, 0, 0, 10);

DROP TABLE IF EXISTS cbt_tes;
CREATE TABLE cbt_tes (
  tes_id bigint(20) UNSIGNED NOT NULL,
  tes_nama varchar(255) COLLATE utf8_unicode_ci NOT NULL,
  tes_detail text COLLATE utf8_unicode_ci NOT NULL,
  tes_begin_time datetime DEFAULT NULL,
  tes_end_time datetime DEFAULT NULL,
  tes_duration_time smallint(10) UNSIGNED NOT NULL DEFAULT '0',
  tes_ip_range varchar(255) COLLATE utf8_unicode_ci NOT NULL DEFAULT '*.*.*.*',
  tes_results_to_users tinyint(1) NOT NULL DEFAULT '0',
  tes_detail_to_users tinyint(1) NOT NULL DEFAULT '0',
  tes_score_right decimal(10,2) DEFAULT '1.00',
  tes_score_wrong decimal(10,2) DEFAULT '0.00',
  tes_score_unanswered decimal(10,2) DEFAULT '0.00',
  tes_max_score decimal(10,2) NOT NULL DEFAULT '0.00',
  tes_token tinyint(1) DEFAULT '0'
) ENGINE=InnoDB DEFAULT CHARSET=utf8 COLLATE=utf8_unicode_ci;

INSERT INTO cbt_tes (tes_id, tes_nama, tes_detail, tes_begin_time, tes_end_time, tes_duration_time, tes_ip_range, tes_results_to_users, tes_detail_to_users, tes_score_right, tes_score_wrong, tes_score_unanswered, tes_max_score, tes_token) VALUES
(44, 'test essay', 'test essay', '2020-05-06 21:16:00', '2020-05-07 21:16:00', 30, '*.*.*.*', 1, 0, '1.00', '0.00', '0.00', '5.00', 0),
(45, 'test kombinasi', 'test kombinasi', '2020-05-06 21:38:00', '2020-05-07 21:38:00', 30, '*.*.*.*', 1, 0, '1.00', '0.00', '0.00', '10.00', 0),
(46, 'test by ag', 'dfdfdf', '2020-05-06 22:35:00', '2020-05-07 22:35:00', 30, '*.*.*.*', 1, 0, '1.00', '0.00', '0.00', '0.00', 0),
(47, 'A10 -  Ekonomi', 'Ujian A10 - Ekonomi. \r\nPeriode I 2020', '2020-05-07 12:56:00', '2020-05-08 12:56:00', 30, '*.*.*.*', 1, 0, '1.00', '0.00', '0.00', '10.00', 0),
(48, 'Ujian Essay F20 - Manajemen Aktuaria', 'Ujian Essat F20 Manajemen Aktuaria', '2020-05-07 17:10:00', '2020-05-08 17:10:00', 30, '*.*.*.*', 1, 0, '1.00', '0.00', '0.00', '5.00', 0),
(53, 'test 5', 'sdfdsf', '2020-05-07 22:28:00', '2020-05-08 22:28:00', 30, '*.*.*.*', 1, 0, '1.00', '0.00', '0.00', '10.00', 0),
(54, 'test mix', 'ddsds', '2020-05-07 22:43:00', '2020-05-08 22:43:00', 30, '*.*.*.*', 1, 0, '1.00', '0.00', '0.00', '10.00', 0),
(55, 'mix 2', 'ddfdf', '2020-05-07 22:46:00', '2020-05-08 22:46:00', 30, '*.*.*.*', 1, 0, '1.00', '0.00', '0.00', '10.00', 0),
(56, 'xx1', 'tefsfd', '2020-05-07 23:28:00', '2020-05-08 23:28:00', 30, '*.*.*.*', 1, 0, '1.00', '0.00', '0.00', '3.00', 0);

DROP TABLE IF EXISTS cbt_tesgrup;
CREATE TABLE cbt_tesgrup (
  tstgrp_tes_id bigint(20) UNSIGNED NOT NULL,
  tstgrp_grup_id bigint(20) UNSIGNED NOT NULL
) ENGINE=InnoDB DEFAULT CHARSET=utf8 COLLATE=utf8_unicode_ci;

INSERT INTO cbt_tesgrup (tstgrp_tes_id, tstgrp_grup_id) VALUES
(44, 1),
(44, 2),
(44, 3),
(44, 4),
(45, 2),
(46, 2),
(47, 1),
(47, 2),
(47, 4),
(48, 1),
(48, 2),
(48, 3),
(48, 4),
(53, 1),
(53, 2),
(53, 3),
(53, 4),
(54, 1),
(54, 2),
(54, 3),
(54, 4),
(55, 1),
(55, 2),
(55, 3),
(55, 4),
(56, 1),
(56, 2),
(56, 3),
(56, 4);

DROP TABLE IF EXISTS cbt_tes_soal;
CREATE TABLE cbt_tes_soal (
  tessoal_id bigint(20) UNSIGNED NOT NULL,
  tessoal_tesuser_id bigint(20) UNSIGNED NOT NULL,
  tessoal_user_ip varchar(39) COLLATE utf8_unicode_ci DEFAULT NULL,
  tessoal_soal_id bigint(20) UNSIGNED NOT NULL,
  tessoal_jawaban_text text COLLATE utf8_unicode_ci,
  tessoal_nilai decimal(10,2) DEFAULT NULL,
  tessoal_creation_time datetime DEFAULT NULL,
  tessoal_display_time datetime DEFAULT NULL,
  tessoal_change_time datetime DEFAULT NULL,
  tessoal_reaction_time bigint(20) UNSIGNED NOT NULL DEFAULT '0',
  tessoal_ragu int(1) NOT NULL DEFAULT '0' COMMENT '1=ragu, 0=tidak ragu',
  tessoal_order smallint(6) NOT NULL DEFAULT '1',
  tessoal_num_answers smallint(5) UNSIGNED NOT NULL DEFAULT '0',
  tessoal_comment text COLLATE utf8_unicode_ci,
  tessoal_audio_play int(11) NOT NULL DEFAULT '0'
) ENGINE=InnoDB DEFAULT CHARSET=utf8 COLLATE=utf8_unicode_ci;

INSERT INTO cbt_tes_soal (tessoal_id, tessoal_tesuser_id, tessoal_user_ip, tessoal_soal_id, tessoal_jawaban_text, tessoal_nilai, tessoal_creation_time, tessoal_display_time, tessoal_change_time, tessoal_reaction_time, tessoal_ragu, tessoal_order, tessoal_num_answers, tessoal_comment, tessoal_audio_play) VALUES
(1124, 89, NULL, 515, 'Jawaban satu', '25.00', '2020-05-06 21:19:46', '2020-05-06 21:19:46', '2020-05-06 21:20:10', 0, 0, 1, 0, 'Sudah di koreksi admin', 0),
(1125, 89, NULL, 516, 'nomor dua', '20.00', '2020-05-06 21:19:46', '2020-05-06 21:22:30', '2020-05-06 21:22:36', 0, 0, 2, 0, 'Sudah di koreksi admin', 0),
(1126, 89, NULL, 517, 'nomor 3', '15.00', '2020-05-06 21:19:46', '2020-05-06 21:22:38', '2020-05-06 21:22:16', 0, 0, 3, 0, 'Sudah di koreksi admin', 0),
(1127, 89, NULL, 518, 'soal empat', '15.00', '2020-05-06 21:19:46', '2020-05-06 21:22:40', '2020-05-06 21:22:01', 0, 0, 4, 0, 'Sudah di koreksi admin', 0),
(1128, 89, NULL, 519, 'LIMA', '15.00', '2020-05-06 21:19:46', '2020-05-06 21:22:42', '2020-05-06 21:22:49', 0, 0, 5, 0, 'Sudah di koreksi admin', 0),
(1129, 90, NULL, 515, 'tes1', '30.00', '2020-05-06 21:19:48', '2020-05-06 21:20:52', '2020-05-06 21:20:14', 0, 0, 1, 0, 'Sudah di koreksi admin', 0),
(1130, 90, NULL, 516, 'tes2', '24.00', '2020-05-06 21:19:48', '2020-05-06 21:21:01', '2020-05-06 21:20:20', 0, 0, 2, 0, 'Sudah di koreksi admin', 0),
(1131, 90, NULL, 517, 'tes3', '24.00', '2020-05-06 21:19:48', '2020-05-06 21:21:03', '2020-05-06 21:20:25', 0, 0, 3, 0, 'Sudah di koreksi admin', 0),
(1132, 90, NULL, 518, 'tes4', '18.00', '2020-05-06 21:19:48', '2020-05-06 21:20:49', '2020-05-06 21:20:31', 0, 0, 4, 0, 'Sudah di koreksi admin', 0),
(1133, 90, NULL, 519, 'tes5', '18.00', '2020-05-06 21:19:48', '2020-05-06 21:20:34', '2020-05-06 21:20:39', 0, 0, 5, 0, 'Sudah di koreksi admin', 0),
(1134, 91, NULL, 325, NULL, '0.00', '2020-05-06 21:40:34', '2020-05-06 21:40:34', '2020-05-06 21:40:41', 0, 0, 1, 0, NULL, 0),
(1135, 91, NULL, 326, NULL, '0.00', '2020-05-06 21:40:34', '2020-05-06 21:40:43', '2020-05-06 21:40:46', 0, 0, 2, 0, NULL, 0),
(1136, 91, NULL, 327, NULL, '0.00', '2020-05-06 21:40:34', '2020-05-06 21:40:47', '2020-05-06 21:40:48', 0, 0, 3, 0, NULL, 0),
(1137, 91, NULL, 328, NULL, '0.00', '2020-05-06 21:40:34', '2020-05-06 21:40:49', '2020-05-06 21:40:51', 0, 0, 4, 0, NULL, 0),
(1138, 91, NULL, 329, NULL, '0.00', '2020-05-06 21:40:34', '2020-05-06 21:40:52', '2020-05-06 21:40:53', 0, 0, 5, 0, NULL, 0),
(1139, 91, NULL, 515, 'q', '20.00', '2020-05-06 21:40:34', '2020-05-06 21:40:54', '2020-05-06 21:41:02', 0, 0, 6, 0, 'Sudah di koreksi admin', 0),
(1140, 91, NULL, 516, 'q', '16.00', '2020-05-06 21:40:34', '2020-05-06 21:41:04', '2020-05-06 21:41:05', 0, 0, 7, 0, 'Sudah di koreksi admin', 0),
(1141, 91, NULL, 517, 'q', '12.00', '2020-05-06 21:40:34', '2020-05-06 21:41:09', '2020-05-06 21:41:11', 0, 0, 8, 0, 'Sudah di koreksi admin', 0),
(1142, 91, NULL, 518, 'q', '12.00', '2020-05-06 21:40:34', '2020-05-06 21:41:12', '2020-05-06 21:41:14', 0, 0, 9, 0, 'Sudah di koreksi admin', 0),
(1143, 91, NULL, 519, NULL, '0.00', '2020-05-06 21:40:34', '2020-05-06 21:41:16', NULL, 0, 0, 10, 0, NULL, 0),
(1144, 92, NULL, 325, NULL, '0.00', '2020-05-06 21:41:13', '2020-05-06 21:41:13', '2020-05-06 21:41:18', 0, 0, 1, 0, NULL, 0),
(1145, 92, NULL, 326, NULL, '0.00', '2020-05-06 21:41:13', '2020-05-06 21:41:21', '2020-05-06 21:41:23', 0, 0, 2, 0, NULL, 0),
(1146, 92, NULL, 327, NULL, '0.00', '2020-05-06 21:41:13', '2020-05-06 21:41:24', '2020-05-06 21:41:29', 0, 0, 3, 0, NULL, 0),
(1147, 92, NULL, 328, NULL, '0.00', '2020-05-06 21:41:13', '2020-05-06 21:41:30', '2020-05-06 21:41:32', 0, 0, 4, 0, NULL, 0),
(1148, 92, NULL, 329, NULL, '0.00', '2020-05-06 21:41:13', '2020-05-06 21:42:21', '2020-05-06 21:41:35', 0, 0, 5, 0, NULL, 0),
(1149, 92, NULL, 515, 'tes', '35.00', '2020-05-06 21:41:13', '2020-05-06 21:42:21', '2020-05-06 21:41:43', 0, 0, 6, 0, 'Sudah di koreksi admin', 0),
(1150, 92, NULL, 516, 'tes2', '28.00', '2020-05-06 21:41:13', '2020-05-06 21:42:20', '2020-05-06 21:41:49', 0, 0, 7, 0, 'Sudah di koreksi admin', 0),
(1151, 92, NULL, 517, 'tes3', '21.00', '2020-05-06 21:41:13', '2020-05-06 21:42:19', '2020-05-06 21:41:55', 0, 0, 8, 0, 'Sudah di koreksi admin', 0),
(1152, 92, NULL, 518, 'tes9', '21.00', '2020-05-06 21:41:13', '2020-05-06 21:42:18', '2020-05-06 21:42:04', 0, 0, 9, 0, 'Sudah di koreksi admin', 0),
(1153, 92, NULL, 519, 'tes10', '21.00', '2020-05-06 21:41:13', '2020-05-06 21:42:15', '2020-05-06 21:42:11', 0, 0, 10, 0, 'Sudah di koreksi admin', 0),
(1154, 93, NULL, 325, NULL, '0.00', '2020-05-06 21:41:13', '2020-05-06 21:41:14', '2020-05-06 21:41:18', 0, 0, 1, 0, NULL, 0),
(1155, 93, NULL, 326, NULL, '1.00', '2020-05-06 21:41:13', '2020-05-06 21:41:19', '2020-05-06 21:41:21', 0, 0, 2, 0, NULL, 0),
(1156, 93, NULL, 327, NULL, '0.00', '2020-05-06 21:41:13', '2020-05-06 21:41:23', '2020-05-06 21:41:24', 0, 0, 3, 0, NULL, 0),
(1157, 93, NULL, 328, NULL, '0.00', '2020-05-06 21:41:13', '2020-05-06 21:41:26', '2020-05-06 21:41:27', 0, 0, 4, 0, NULL, 0),
(1158, 93, NULL, 329, NULL, '0.00', '2020-05-06 21:41:13', '2020-05-06 21:41:29', '2020-05-06 21:41:31', 0, 0, 5, 0, NULL, 0),
(1159, 93, NULL, 515, 'ENAM', '30.00', '2020-05-06 21:41:13', '2020-05-06 21:41:32', '2020-05-06 21:41:37', 0, 0, 6, 0, 'Sudah di koreksi admin', 0),
(1160, 93, NULL, 516, 'TUJUH', '24.00', '2020-05-06 21:41:13', '2020-05-06 21:41:39', '2020-05-06 21:41:44', 0, 0, 7, 0, 'Sudah di koreksi admin', 0),
(1161, 93, NULL, 517, 'DELAPAN', '18.00', '2020-05-06 21:41:13', '2020-05-06 21:41:45', '2020-05-06 21:41:49', 0, 0, 8, 0, 'Sudah di koreksi admin', 0),
(1162, 93, NULL, 518, 'SEMbilan', '18.00', '2020-05-06 21:41:13', '2020-05-06 21:42:15', '2020-05-06 21:42:24', 0, 0, 9, 0, 'Sudah di koreksi admin', 0),
(1163, 93, NULL, 519, 'SEPULUH', '25.00', '2020-05-06 21:41:13', '2020-05-06 21:42:25', '2020-05-06 21:42:12', 0, 0, 10, 0, 'Sudah di koreksi admin', 0),
(1164, 94, NULL, 502, '-', '0.00', '2020-05-07 17:11:38', '2020-05-07 17:11:38', '2020-05-07 17:11:44', 0, 0, 1, 0, NULL, 0),
(1165, 94, NULL, 503, '-', '0.00', '2020-05-07 17:11:38', '2020-05-07 17:11:47', '2020-05-07 17:11:51', 0, 0, 2, 0, NULL, 0),
(1166, 94, NULL, 504, '-', '0.00', '2020-05-07 17:11:38', '2020-05-07 17:11:52', '2020-05-07 17:11:54', 0, 0, 3, 0, NULL, 0),
(1167, 94, NULL, 505, '-', '0.00', '2020-05-07 17:11:38', '2020-05-07 17:11:55', '2020-05-07 17:11:58', 0, 0, 4, 0, NULL, 0),
(1168, 94, NULL, 506, '-', '0.00', '2020-05-07 17:11:38', '2020-05-07 17:12:01', '2020-05-07 17:12:05', 0, 0, 5, 0, NULL, 0),
(1169, 95, NULL, 502, '-', '0.00', '2020-05-07 17:12:31', '2020-05-07 17:12:31', '2020-05-07 17:12:35', 0, 0, 1, 0, NULL, 0),
(1170, 95, NULL, 503, '-', '0.00', '2020-05-07 17:12:31', '2020-05-07 17:12:38', '2020-05-07 17:12:39', 0, 0, 2, 0, NULL, 0),
(1171, 95, NULL, 504, '-', '0.00', '2020-05-07 17:12:31', '2020-05-07 17:12:40', '2020-05-07 17:12:42', 0, 0, 3, 0, NULL, 0),
(1172, 95, NULL, 505, '-', '0.00', '2020-05-07 17:12:31', '2020-05-07 17:12:42', '2020-05-07 17:12:45', 0, 0, 4, 0, NULL, 0),
(1173, 95, NULL, 506, '-', '0.00', '2020-05-07 17:12:31', '2020-05-07 17:12:45', '2020-05-07 17:12:48', 0, 0, 5, 0, NULL, 0),
(1174, 96, NULL, 502, '-', '0.00', '2020-05-07 17:13:11', '2020-05-07 17:13:11', '2020-05-07 17:13:14', 0, 0, 1, 0, NULL, 0),
(1175, 96, NULL, 503, '-', '0.00', '2020-05-07 17:13:11', '2020-05-07 17:13:16', '2020-05-07 17:13:18', 0, 0, 2, 0, NULL, 0),
(1176, 96, NULL, 504, '-', '0.00', '2020-05-07 17:13:11', '2020-05-07 17:13:19', '2020-05-07 17:13:20', 0, 0, 3, 0, NULL, 0),
(1177, 96, NULL, 505, '-', '0.00', '2020-05-07 17:13:11', '2020-05-07 17:13:21', '2020-05-07 17:13:23', 0, 0, 4, 0, NULL, 0),
(1178, 96, NULL, 506, '-', '0.00', '2020-05-07 17:13:11', '2020-05-07 17:13:24', '2020-05-07 17:13:25', 0, 0, 5, 0, NULL, 0),
(1696, 156, NULL, 27, NULL, '0.00', '2020-05-07 22:26:06', '2020-05-07 22:45:28', NULL, 0, 0, 1, 0, NULL, 0),
(1697, 156, NULL, 24, NULL, '0.00', '2020-05-07 22:26:06', NULL, NULL, 0, 0, 2, 0, NULL, 0),
(1698, 156, NULL, 29, NULL, '0.00', '2020-05-07 22:26:06', NULL, NULL, 0, 0, 3, 0, NULL, 0),
(1699, 156, NULL, 31, NULL, '0.00', '2020-05-07 22:26:06', NULL, NULL, 0, 0, 4, 0, NULL, 0),
(1700, 156, NULL, 26, NULL, '0.00', '2020-05-07 22:26:06', NULL, NULL, 0, 0, 5, 0, NULL, 0),
(1701, 156, NULL, 28, NULL, '0.00', '2020-05-07 22:26:06', NULL, NULL, 0, 0, 6, 0, NULL, 0),
(1702, 156, NULL, 23, NULL, '0.00', '2020-05-07 22:26:06', NULL, NULL, 0, 0, 7, 0, NULL, 0),
(1703, 156, NULL, 30, NULL, '0.00', '2020-05-07 22:26:06', NULL, NULL, 0, 0, 8, 0, NULL, 0),
(1704, 156, NULL, 84, NULL, '0.00', '2020-05-07 22:26:06', NULL, NULL, 0, 0, 9, 0, NULL, 0),
(1723, 159, NULL, 23, NULL, '0.00', '2020-05-07 22:29:40', '2020-05-07 22:29:40', NULL, 0, 0, 1, 0, NULL, 0),
(1724, 159, NULL, 24, NULL, '0.00', '2020-05-07 22:29:40', NULL, NULL, 0, 0, 2, 0, NULL, 0),
(1725, 159, NULL, 26, NULL, '0.00', '2020-05-07 22:29:40', NULL, NULL, 0, 0, 3, 0, NULL, 0),
(1726, 159, NULL, 27, NULL, '0.00', '2020-05-07 22:29:40', NULL, NULL, 0, 0, 4, 0, NULL, 0),
(1727, 159, NULL, 28, NULL, '0.00', '2020-05-07 22:29:40', NULL, NULL, 0, 0, 5, 0, NULL, 0),
(1728, 159, NULL, 325, NULL, '0.00', '2020-05-07 22:29:40', NULL, NULL, 0, 0, 6, 0, NULL, 0),
(1729, 159, NULL, 326, NULL, '0.00', '2020-05-07 22:29:40', NULL, NULL, 0, 0, 7, 0, NULL, 0),
(1730, 159, NULL, 327, NULL, '0.00', '2020-05-07 22:29:40', NULL, NULL, 0, 0, 8, 0, NULL, 0),
(1731, 159, NULL, 328, NULL, '0.00', '2020-05-07 22:29:40', NULL, NULL, 0, 0, 9, 0, NULL, 0),
(1732, 159, NULL, 329, NULL, '0.00', '2020-05-07 22:29:40', NULL, NULL, 0, 0, 10, 0, NULL, 0),
(1938, 183, NULL, 572, NULL, '0.00', '2020-05-07 23:30:44', '2020-05-07 23:30:44', NULL, 0, 0, 1, 0, NULL, 0),
(1939, 183, NULL, 573, NULL, '0.00', '2020-05-07 23:30:44', NULL, NULL, 0, 0, 2, 0, NULL, 0),
(1940, 183, NULL, 574, NULL, '0.00', '2020-05-07 23:30:44', NULL, NULL, 0, 0, 3, 0, NULL, 0);

DROP TABLE IF EXISTS cbt_tes_soal_jawaban;
CREATE TABLE cbt_tes_soal_jawaban (
  soaljawaban_tessoal_id bigint(20) UNSIGNED NOT NULL,
  soaljawaban_jawaban_id bigint(20) UNSIGNED NOT NULL,
  soaljawaban_selected smallint(6) NOT NULL DEFAULT '-1',
  soaljawaban_order smallint(6) NOT NULL DEFAULT '1',
  soaljawaban_position bigint(20) UNSIGNED DEFAULT NULL
) ENGINE=InnoDB DEFAULT CHARSET=utf8 COLLATE=utf8_unicode_ci;

INSERT INTO cbt_tes_soal_jawaban (soaljawaban_tessoal_id, soaljawaban_jawaban_id, soaljawaban_selected, soaljawaban_order, soaljawaban_position) VALUES
(1134, 1435, 0, 1, NULL),
(1134, 1436, 1, 2, NULL),
(1134, 1437, 0, 3, NULL),
(1134, 1438, 0, 4, NULL),
(1134, 1439, 0, 5, NULL),
(1135, 1440, 0, 1, NULL),
(1135, 1441, 0, 2, NULL),
(1135, 1442, 0, 3, NULL),
(1135, 1443, 1, 4, NULL),
(1135, 1444, 0, 5, NULL),
(1136, 1445, 0, 1, NULL),
(1136, 1446, 1, 2, NULL),
(1136, 1447, 0, 3, NULL),
(1136, 1448, 0, 4, NULL),
(1137, 1449, 0, 1, NULL),
(1137, 1450, 0, 2, NULL),
(1137, 1451, 1, 3, NULL),
(1137, 1452, 0, 4, NULL),
(1137, 1453, 0, 5, NULL),
(1138, 1454, 0, 1, NULL),
(1138, 1455, 0, 2, NULL),
(1138, 1456, 1, 3, NULL),
(1138, 1457, 0, 4, NULL),
(1138, 1458, 0, 5, NULL),
(1144, 1435, 0, 1, NULL),
(1144, 1436, 1, 2, NULL),
(1144, 1437, 0, 3, NULL),
(1144, 1438, 0, 4, NULL),
(1144, 1439, 0, 5, NULL),
(1145, 1440, 0, 1, NULL),
(1145, 1441, 0, 2, NULL),
(1145, 1442, 0, 3, NULL),
(1145, 1443, 0, 4, NULL),
(1145, 1444, 1, 5, NULL),
(1146, 1445, 1, 1, NULL),
(1146, 1446, 0, 2, NULL),
(1146, 1447, 0, 3, NULL),
(1146, 1448, 0, 4, NULL),
(1147, 1449, 0, 1, NULL),
(1147, 1450, 1, 2, NULL),
(1147, 1451, 0, 3, NULL),
(1147, 1452, 0, 4, NULL),
(1147, 1453, 0, 5, NULL),
(1148, 1454, 0, 1, NULL),
(1148, 1455, 0, 2, NULL),
(1148, 1456, 0, 3, NULL),
(1148, 1457, 0, 4, NULL),
(1148, 1458, 1, 5, NULL),
(1154, 1435, 1, 1, NULL),
(1154, 1436, 0, 2, NULL),
(1154, 1437, 0, 3, NULL),
(1154, 1438, 0, 4, NULL),
(1154, 1439, 0, 5, NULL),
(1155, 1440, 0, 1, NULL),
(1155, 1441, 1, 2, NULL),
(1155, 1442, 0, 3, NULL),
(1155, 1443, 0, 4, NULL),
(1155, 1444, 0, 5, NULL),
(1156, 1445, 0, 1, NULL),
(1156, 1446, 0, 2, NULL),
(1156, 1447, 1, 3, NULL),
(1156, 1448, 0, 4, NULL),
(1157, 1449, 0, 1, NULL),
(1157, 1450, 0, 2, NULL),
(1157, 1451, 0, 3, NULL),
(1157, 1452, 1, 4, NULL),
(1157, 1453, 0, 5, NULL),
(1158, 1454, 0, 1, NULL),
(1158, 1455, 0, 2, NULL),
(1158, 1456, 0, 3, NULL),
(1158, 1457, 0, 4, NULL),
(1158, 1458, 1, 5, NULL),
(1696, 96, 0, 1, NULL),
(1696, 97, 0, 4, NULL),
(1696, 98, 0, 3, NULL),
(1696, 99, 0, 5, NULL),
(1696, 100, 0, 2, NULL),
(1697, 81, 0, 4, NULL),
(1697, 82, 0, 1, NULL),
(1697, 83, 0, 5, NULL),
(1697, 84, 0, 2, NULL),
(1697, 85, 0, 3, NULL),
(1698, 106, 0, 4, NULL),
(1698, 107, 0, 3, NULL),
(1698, 108, 0, 2, NULL),
(1698, 109, 0, 1, NULL),
(1698, 110, 0, 5, NULL),
(1699, 116, 0, 3, NULL),
(1699, 117, 0, 4, NULL),
(1699, 118, 0, 2, NULL),
(1699, 119, 0, 1, NULL),
(1699, 120, 0, 5, NULL),
(1700, 91, 0, 5, NULL),
(1700, 92, 0, 1, NULL),
(1700, 93, 0, 4, NULL),
(1700, 94, 0, 2, NULL),
(1700, 95, 0, 3, NULL),
(1701, 101, 0, 1, NULL),
(1701, 102, 0, 2, NULL),
(1701, 103, 0, 4, NULL),
(1701, 104, 0, 3, NULL),
(1701, 105, 0, 5, NULL),
(1702, 141, 0, 1, NULL),
(1702, 142, 0, 5, NULL),
(1702, 143, 0, 2, NULL),
(1702, 144, 0, 3, NULL),
(1702, 145, 0, 4, NULL),
(1703, 111, 0, 3, NULL),
(1703, 112, 0, 4, NULL),
(1703, 113, 0, 1, NULL),
(1703, 114, 0, 5, NULL),
(1703, 115, 0, 2, NULL),
(1704, 326, 0, 2, NULL),
(1704, 327, 0, 1, NULL),
(1704, 328, 0, 3, NULL),
(1723, 141, 0, 1, NULL),
(1723, 142, 0, 2, NULL),
(1723, 143, 0, 3, NULL),
(1723, 144, 0, 4, NULL),
(1723, 145, 0, 5, NULL),
(1724, 81, 0, 1, NULL),
(1724, 82, 0, 2, NULL),
(1724, 83, 0, 3, NULL),
(1724, 84, 0, 4, NULL),
(1724, 85, 0, 5, NULL),
(1725, 91, 0, 1, NULL),
(1725, 92, 0, 2, NULL),
(1725, 93, 0, 3, NULL),
(1725, 94, 0, 4, NULL),
(1725, 95, 0, 5, NULL),
(1726, 96, 0, 1, NULL),
(1726, 97, 0, 2, NULL),
(1726, 98, 0, 3, NULL),
(1726, 99, 0, 4, NULL),
(1726, 100, 0, 5, NULL),
(1727, 101, 0, 1, NULL),
(1727, 102, 0, 2, NULL),
(1727, 103, 0, 3, NULL),
(1727, 104, 0, 4, NULL),
(1727, 105, 0, 5, NULL),
(1728, 1435, 0, 1, NULL),
(1728, 1436, 0, 2, NULL),
(1728, 1437, 0, 3, NULL),
(1728, 1438, 0, 4, NULL),
(1728, 1439, 0, 5, NULL),
(1729, 1440, 0, 1, NULL),
(1729, 1441, 0, 2, NULL),
(1729, 1442, 0, 3, NULL),
(1729, 1443, 0, 4, NULL),
(1729, 1444, 0, 5, NULL),
(1730, 1445, 0, 1, NULL),
(1730, 1446, 0, 2, NULL),
(1730, 1447, 0, 3, NULL),
(1730, 1448, 0, 4, NULL),
(1731, 1449, 0, 1, NULL),
(1731, 1450, 0, 2, NULL),
(1731, 1451, 0, 3, NULL),
(1731, 1452, 0, 4, NULL),
(1731, 1453, 0, 5, NULL),
(1732, 1454, 0, 1, NULL),
(1732, 1455, 0, 2, NULL),
(1732, 1456, 0, 3, NULL),
(1732, 1457, 0, 4, NULL),
(1732, 1458, 0, 5, NULL),
(1938, 2541, 0, 1, NULL),
(1938, 2542, 0, 2, NULL),
(1938, 2543, 0, 3, NULL),
(1938, 2544, 0, 4, NULL),
(1938, 2545, 0, 5, NULL),
(1938, 2609, 0, 6, NULL),
(1938, 2610, 0, 7, NULL),
(1938, 2611, 0, 8, NULL),
(1938, 2612, 0, 9, NULL),
(1938, 2613, 0, 10, NULL),
(1939, 2604, 0, 1, NULL),
(1939, 2605, 0, 2, NULL),
(1939, 2606, 0, 3, NULL),
(1939, 2607, 0, 4, NULL),
(1939, 2608, 0, 5, NULL),
(1940, 2599, 0, 1, NULL),
(1940, 2600, 0, 2, NULL),
(1940, 2601, 0, 3, NULL),
(1940, 2602, 0, 4, NULL),
(1940, 2603, 0, 5, NULL);

DROP TABLE IF EXISTS cbt_tes_token;
CREATE TABLE cbt_tes_token (
  token_id int(11) NOT NULL,
  token_isi varchar(20) NOT NULL,
  token_user_id int(11) NOT NULL,
  token_ts timestamp NOT NULL DEFAULT CURRENT_TIMESTAMP,
  token_aktif int(11) NOT NULL DEFAULT '1' COMMENT 'Umur Token dalam menit, 1 = 1 hari penuh'
) ENGINE=InnoDB DEFAULT CHARSET=latin1;

DROP TABLE IF EXISTS cbt_tes_topik_set;
CREATE TABLE cbt_tes_topik_set (
  tset_id bigint(20) UNSIGNED NOT NULL,
  tset_tes_id bigint(20) UNSIGNED NOT NULL,
  tset_topik_id bigint(20) UNSIGNED NOT NULL,
  tset_tipe smallint(6) NOT NULL DEFAULT '1',
  tset_difficulty smallint(6) NOT NULL DEFAULT '1',
  tset_jumlah smallint(6) NOT NULL DEFAULT '1',
  tset_jawaban smallint(6) NOT NULL DEFAULT '0',
  tset_acak_jawaban int(11) NOT NULL DEFAULT '1',
  tset_acak_soal int(11) NOT NULL DEFAULT '1'
) ENGINE=InnoDB DEFAULT CHARSET=utf8 COLLATE=utf8_unicode_ci;

INSERT INTO cbt_tes_topik_set (tset_id, tset_tes_id, tset_topik_id, tset_tipe, tset_difficulty, tset_jumlah, tset_jawaban, tset_acak_jawaban, tset_acak_soal) VALUES
(47, 44, 23, 2, 1, 5, 3, 0, 0),
(48, 45, 4, 1, 1, 5, 5, 0, 0),
(49, 45, 23, 2, 1, 5, 5, 0, 0),
(52, 47, 2, 1, 1, 10, 5, 1, 1),
(53, 48, 10, 2, 1, 5, 3, 0, 0),
(61, 53, 2, 0, 1, 5, 5, 0, 0),
(62, 53, 4, 0, 1, 5, 5, 0, 0),
(64, 54, 25, 1, 1, 5, 5, 0, 0),
(65, 54, 25, 1, 2, 5, 5, 0, 0),
(66, 55, 25, 1, 1, 5, 5, 1, 1),
(67, 55, 25, 1, 2, 5, 5, 1, 1),
(68, 56, 25, 1, 1, 3, 5, 0, 0);

DROP TABLE IF EXISTS cbt_tes_user;
CREATE TABLE cbt_tes_user (
  tesuser_id bigint(20) UNSIGNED NOT NULL,
  tesuser_tes_id bigint(20) UNSIGNED NOT NULL,
  tesuser_user_id bigint(20) UNSIGNED NOT NULL,
  tesuser_status smallint(5) UNSIGNED NOT NULL DEFAULT '0',
  tesuser_creation_time datetime NOT NULL,
  tesuser_comment text COLLATE utf8_unicode_ci,
  tesuser_token varchar(10) COLLATE utf8_unicode_ci DEFAULT NULL
) ENGINE=InnoDB DEFAULT CHARSET=utf8 COLLATE=utf8_unicode_ci;

INSERT INTO cbt_tes_user (tesuser_id, tesuser_tes_id, tesuser_user_id, tesuser_status, tesuser_creation_time, tesuser_comment, tesuser_token) VALUES
(89, 44, 3, 4, '2020-05-06 21:19:46', NULL, NULL),
(90, 44, 4, 4, '2020-05-06 21:19:48', NULL, NULL),
(91, 45, 5, 4, '2020-05-06 21:40:34', NULL, NULL),
(92, 45, 4, 4, '2020-05-06 21:41:13', NULL, NULL),
(93, 45, 3, 4, '2020-05-06 21:41:13', NULL, NULL),
(94, 48, 3, 4, '2020-05-07 17:11:38', NULL, NULL),
(95, 48, 4, 4, '2020-05-07 17:12:31', NULL, NULL),
(96, 48, 5, 4, '2020-05-07 17:13:11', NULL, NULL),
(156, 47, 3, 4, '2020-05-07 22:26:06', NULL, NULL),
(159, 53, 3, 4, '2020-05-07 22:29:40', NULL, NULL),
(183, 56, 3, 1, '2020-05-07 23:30:44', NULL, NULL);

DROP TABLE IF EXISTS cbt_topik;
CREATE TABLE cbt_topik (
  topik_id bigint(20) UNSIGNED NOT NULL,
  topik_modul_id bigint(20) UNSIGNED NOT NULL DEFAULT '1',
  topik_nama varchar(255) COLLATE utf8_unicode_ci NOT NULL,
  topik_detail text COLLATE utf8_unicode_ci,
  topik_aktif tinyint(1) NOT NULL DEFAULT '0'
) ENGINE=InnoDB DEFAULT CHARSET=utf8 COLLATE=utf8_unicode_ci;

INSERT INTO cbt_topik (topik_id, topik_modul_id, topik_nama, topik_detail, topik_aktif) VALUES
(2, 1, 'A10 - Matematika Keuangan', 'Level ASAI - Matematika Keuangan', 1),
(3, 1, 'A20 - Probabilita dan Statistika', 'Level ASAI - Probabilita dan Statistika', 1),
(4, 1, 'A30 - Ekonomi', 'Level ASAI - Ekonomi', 1),
(5, 1, 'A40 - Akuntansi', 'Level ASAI - Akuntansi', 1),
(6, 1, 'A50 - Metoda Statistika', 'Level ASAI - Metoda Statistika', 1),
(7, 1, 'A60 - Matematika Aktuaria', 'Level ASAI - Matematika Aktuaria', 1),
(8, 1, 'A70 - Pemodelan dan Teori Resiko', 'Level ASAI - Pemodelan dan Teori Resiko', 1),
(9, 1, 'F10 - Investasi dan Manajemen Aset', 'Level FSAI - Investasi dan Manajemen Aset', 1),
(10, 1, 'F20 - Manajemen Aktuaria', 'Level FSAI - Manajemen Aktuaria', 1),
(11, 1, 'F31 – Aspek Aktuaria dalam Asuransi Jiwa', 'Level FSAI - Aspek Aktuaria dalam Asuransi Jiwa', 1),
(12, 1, 'F32 – Aspek Aktuaria dalam Dana Pensiun', 'Level FSAI - Aspek Aktuaria dalam Dana Pensiun', 1),
(13, 1, 'F33 – Aspek Aktuaria dalam Asuransi Umum', 'Level FSAI - Aspek Aktuaria dalam Asuransi Umum', 1),
(14, 1, 'F34 – Aspek Aktuaria dalam Asuransi Kesehatan', 'Level FSAI - Aspek Aktuaria dalam Asuransi Kesehatan', 1),
(20, 1, 'Lampiran A70', 'Lampiran A70', 1),
(21, 1, 'A10 - Pemahaman', 'Soal A10 Pemahaman', 1),
(22, 1, 'A10 - Perhitungan', 'Soal A10 _ Perhitungan', 1),
(23, 1, 'XXX-Test Essay', 'asdf', 1),
(25, 1, 'test mix', 'test mix', 1);

DROP TABLE IF EXISTS cbt_user;
CREATE TABLE cbt_user (
  user_id bigint(20) UNSIGNED NOT NULL,
  user_grup_id bigint(20) UNSIGNED NOT NULL,
  user_name varchar(255) COLLATE utf8_unicode_ci NOT NULL,
  user_password varchar(255) COLLATE utf8_unicode_ci NOT NULL,
  user_email varchar(255) COLLATE utf8_unicode_ci DEFAULT NULL,
  user_regdate timestamp NOT NULL DEFAULT CURRENT_TIMESTAMP,
  user_ip varchar(39) COLLATE utf8_unicode_ci DEFAULT NULL,
  user_firstname varchar(255) COLLATE utf8_unicode_ci DEFAULT NULL,
  user_birthdate date DEFAULT NULL,
  user_birthplace varchar(255) COLLATE utf8_unicode_ci DEFAULT NULL,
  user_level smallint(3) UNSIGNED NOT NULL DEFAULT '1'
) ENGINE=InnoDB DEFAULT CHARSET=utf8 COLLATE=utf8_unicode_ci;

INSERT INTO cbt_user (user_id, user_grup_id, user_name, user_password, user_email, user_regdate, user_ip, user_firstname, user_birthdate, user_birthplace, user_level) VALUES
(1, 2, 'lutfi', 'lutfi', '', '2018-01-11 04:38:27', NULL, 'Muhammad Lutfial Hakim', NULL, NULL, 1),
(2, 1, 'joko', 'joko', '', '2018-08-11 03:49:25', NULL, 'Joko Susanto', NULL, NULL, 1),
(3, 2, 'user01', 'password', '', '2020-02-21 03:31:24', NULL, 'user 01', NULL, NULL, 1),
(4, 2, 'user02', 'password', '', '2020-02-21 03:31:46', NULL, 'user 02', NULL, NULL, 1),
(5, 2, 'user03', 'password', '', '2020-03-19 02:47:20', NULL, 'user 03', NULL, NULL, 1),
(6, 3, 'user04', 'password', '', '2020-03-19 14:20:48', NULL, 'user 04', NULL, NULL, 1),
(7, 1, 'user05', 'password', NULL, '2020-03-20 05:52:57', NULL, 'User 05', NULL, NULL, 1),
(8, 1, 'user06', 'password', NULL, '2020-03-20 05:52:57', NULL, 'User 06', NULL, NULL, 1),
(9, 1, 'user07', 'password', NULL, '2020-03-20 05:52:57', NULL, 'User 07', NULL, NULL, 1),
(10, 1, 'user08', 'password', NULL, '2020-03-20 05:52:57', NULL, 'User 08', NULL, NULL, 1),
(11, 1, 'user09', 'password', NULL, '2020-03-20 05:52:57', NULL, 'User 09', NULL, NULL, 1),
(12, 1, 'user20', 'password', '-', '2020-04-06 03:36:16', NULL, 'user 20', NULL, NULL, 1);

DROP TABLE IF EXISTS cbt_usergrup;
CREATE TABLE cbt_usergrup (
  user_id int(11) NOT NULL,
  grup_id int(11) NOT NULL
) ENGINE=InnoDB DEFAULT CHARSET=utf8mb4;

INSERT INTO cbt_usergrup (user_id, grup_id) VALUES
(2, 1),
(2, 2),
(2, 3),
(2, 4),
(3, 2),
(3, 9);

DROP TABLE IF EXISTS cbt_user_grup;
CREATE TABLE cbt_user_grup (
  grup_id bigint(20) UNSIGNED NOT NULL,
  grup_nama varchar(255) COLLATE utf8_unicode_ci NOT NULL
) ENGINE=InnoDB DEFAULT CHARSET=utf8 COLLATE=utf8_unicode_ci;

INSERT INTO cbt_user_grup (grup_id, grup_nama) VALUES
(2, 'A10 - Bandung - Periode 1'),
(4, 'A10 - ITS - Periode 1'),
(1, 'A10 - Jakarta - Periode 1'),
(3, 'A10 - Yogyakarta - Periode 1'),
(5, 'A20 - Bandung - Peiode 1'),
(8, 'A20 - ITS - Periode 1'),
(6, 'A20 - Jakarta - Periode 1'),
(7, 'A20 - Yogyakarta - Periode 1'),
(9, 'A30 - Bandung - Periode I');

DROP TABLE IF EXISTS user;
CREATE TABLE `user` (
  id int(11) NOT NULL,
  username varchar(100) NOT NULL,
  password varchar(255) NOT NULL,
  nama varchar(150) NOT NULL,
  opsi1 varchar(75) NOT NULL,
  opsi2 varchar(75) NOT NULL,
  keterangan varchar(150) NOT NULL,
  level varchar(50) NOT NULL,
  ts timestamp NOT NULL DEFAULT CURRENT_TIMESTAMP
) ENGINE=InnoDB DEFAULT CHARSET=latin1;

INSERT INTO `user` (id, username, `password`, nama, opsi1, opsi2, keterangan, `level`, ts) VALUES
(1, 'admin', '21bd12dc183f740ee76f27b78eb39c8ad972a757', 'Admin', '', '', '', 'admin', '2015-07-29 18:12:03'),
(2, 'operator', 'fe96dd39756ac41b74283a9292652d366d73931f', 'Operator', '2,3,4', '', 'Operator', 'operator-soal', '2018-03-30 12:58:55'),
(3, 'teacher1', '5baa61e4c9b93f3f0682250b6cf8331b7ee68fd8', 'teacher a10', '2,3,5,6', '', 'xxxx', 'operator-soal', '2020-02-29 03:58:57');

DROP TABLE IF EXISTS user_akses;
CREATE TABLE user_akses (
  id int(11) NOT NULL,
  level varchar(75) NOT NULL,
  kode_menu varchar(50) NOT NULL,
  `add` int(2) NOT NULL DEFAULT '1' COMMENT '0=false, 1=true',
  edit int(2) NOT NULL DEFAULT '1' COMMENT '0=false, 1=true'
) ENGINE=InnoDB DEFAULT CHARSET=latin1;

INSERT INTO user_akses (id, `level`, kode_menu, `add`, edit) VALUES
(519, 'operator-soal', 'modul-daftar', 1, 1),
(520, 'operator-soal', 'tes-evaluasi', 1, 1),
(521, 'operator-soal', 'modul-filemanager', 1, 1),
(522, 'operator-soal', 'modul-import', 1, 1),
(523, 'operator-soal', 'modul-soal', 1, 1),
(524, 'operator-soal', 'modul-topik', 0, 0),
(651, 'admin', 'tool-backup', 1, 1),
(652, 'admin', 'peserta-group', 1, 1),
(653, 'admin', 'peserta-daftar', 1, 1),
(654, 'admin', 'tes-daftar', 1, 1),
(655, 'admin', 'modul-daftar', 1, 1),
(656, 'admin', 'tes-evaluasi', 1, 1),
(657, 'admin', 'tool-exportimport-soal', 1, 1),
(658, 'admin', 'modul-filemanager', 1, 1),
(659, 'admin', 'tes-hasil', 1, 1),
(660, 'admin', 'peserta-import', 1, 1),
(661, 'admin', 'modul-import', 1, 1),
(662, 'admin', 'peserta-grup', 1, 1),
(663, 'admin', 'user-zyacbt', 1, 1),
(664, 'admin', 'user_level', 1, 1),
(665, 'admin', 'user_menu', 1, 1),
(666, 'admin', 'user_atur', 1, 1),
(667, 'admin', 'tes-rekap', 1, 1),
(668, 'admin', 'modul-soal', 1, 1),
(669, 'admin', 'tes-tambah', 1, 1),
(670, 'admin', 'modul-topik', 1, 1);

DROP TABLE IF EXISTS user_level;
CREATE TABLE user_level (
  id int(11) NOT NULL,
  level varchar(50) NOT NULL,
  keterangan varchar(100) DEFAULT NULL
) ENGINE=InnoDB DEFAULT CHARSET=latin1;

INSERT INTO user_level (id, `level`, keterangan) VALUES
(1, 'admin', 'Administrator'),
(2, 'operator-soal', 'Operator Soal');

DROP TABLE IF EXISTS user_log;
CREATE TABLE user_log (
  id int(11) NOT NULL,
  username varchar(100) NOT NULL,
  log varchar(250) NOT NULL,
  ts timestamp NOT NULL DEFAULT CURRENT_TIMESTAMP
) ENGINE=InnoDB DEFAULT CHARSET=latin1;

DROP TABLE IF EXISTS user_menu;
CREATE TABLE user_menu (
  id int(11) NOT NULL,
  tipe int(11) NOT NULL DEFAULT '1' COMMENT '0=parent, 1=child',
  parent varchar(50) DEFAULT NULL,
  kode_menu varchar(50) NOT NULL,
  nama_menu varchar(100) NOT NULL,
  url varchar(150) NOT NULL DEFAULT '#',
  icon varchar(75) NOT NULL DEFAULT 'fa fa-circle-o',
  urutan int(11) NOT NULL
) ENGINE=InnoDB DEFAULT CHARSET=latin1;

INSERT INTO user_menu (id, tipe, parent, kode_menu, nama_menu, url, icon, urutan) VALUES
(1, 0, '', 'user', 'Pengaturan', '#', 'fa fa-user', 20),
(2, 1, 'user', 'user_atur', 'Pengaturan User', 'manager/useratur', 'fa fa-circle-o', 5),
(3, 1, 'user', 'user_level', 'Pengaturan Level', 'manager/userlevel', 'fa fa-circle-o', 6),
(4, 1, 'user', 'user_menu', 'Pengaturan Menu', 'manager/usermenu', 'fa fa-circle-o', 7),
(5, 0, '', 'modul', 'Data Modul', '#', 'fa fa-book', 2),
(6, 1, 'modul', 'modul-daftar', 'Daftar Soal', 'manager/modul_daftar', 'fa fa-circle-o', 1),
(7, 1, 'modul', 'modul-topik', 'Topik', 'manager/modul_topik', 'fa fa-circle-o', 2),
(8, 0, '', 'peserta', 'Data Peserta', '#', 'fa fa-users', 1),
(9, 1, 'peserta', 'peserta-daftar', 'Daftar Peserta', 'manager/peserta_daftar', 'fa fa-circle-o', 2),
(10, 1, 'peserta', 'peserta-group', 'Daftar Group', 'manager/peserta_group', 'fa fa-circle-o', 1),
(11, 1, 'peserta', 'peserta-import', 'Import Data Peserta', 'manager/peserta_import', 'fa fa-circle-o', 3),
(12, 0, '', 'tes', 'Data Ujian', '#', 'fa fa-tasks', 7),
(13, 1, 'tes', 'tes-tambah', 'Tambah Sesi Ujian', 'manager/tes_tambah', 'fa fa-circle-o', 1),
(14, 1, 'tes', 'tes-daftar', 'Daftar Sesi Ujian', 'manager/tes_daftar', 'fa fa-circle-o', 2),
(15, 1, 'tes', 'tes-hasil', 'Hasil Ujian', 'manager/tes_hasil', 'fa fa-circle-o', 6),
(16, 1, 'modul', 'modul-soal', 'Soal', 'manager/modul_soal', 'fa fa-circle-o', 3),
(17, 1, 'tes', 'tes-token', 'Token', 'manager/tes_token', 'fa fa-circle-o', 8),
(18, 1, 'modul', 'modul-modul', 'Modul', 'manager/modul', 'fa fa-circle-o', 1),
(19, 1, 'modul', 'modul-filemanager', 'File Manager', 'manager/modul_filemanager', 'fa fa-circle-o', 6),
(20, 1, 'modul', 'modul-import', 'Import Soal', 'manager/modul_import', 'fa fa-circle-o', 4),
(21, 1, 'tes', 'tes-evaluasi', 'Evaluasi Hasil Ujian', 'manager/tes_evaluasi', 'fa fa-circle-o', 5),
(22, 1, 'tes', 'tes-hasil-operator', 'Hasil Tes Operator', 'manager/tes_hasil_operator', 'fa fa-circle-o', 10),
(23, 0, '', 'tool', 'Tool', '#', 'fa fa-wrench', 5),
(24, 1, 'tool', 'tool-backup', 'Backup Data', 'manager/tool_backup', 'fa fa-database', 1),
(25, 1, 'tes', 'tes-rekap', 'Rekap Hasil Ujian', 'manager/tes_rekap_hasil', 'fa fa-circle-o', 7),
(26, 1, 'tool', 'tool-exportimport-soal', 'Export / Import Soal', 'manager/tool_exportimport_soal', 'fa fa-circle-o', 2),
(27, 1, 'user', 'user-zyacbt', 'Pengaturan', 'manager/pengaturan_zyacbt', 'fa fa-circle-o', 1),
(28, 1, 'peserta', 'peserta-grup', 'Mapping Peserta Grup', 'manager/peserta_grup', 'fa fa-circle-o', 3);


ALTER TABLE cbt_jawaban
  ADD PRIMARY KEY (jawaban_id),
  ADD KEY p_answer_question_id (jawaban_soal_id);

ALTER TABLE cbt_konfigurasi
  ADD PRIMARY KEY (konfigurasi_id),
  ADD UNIQUE KEY konfigurasi_kode (konfigurasi_kode);

ALTER TABLE cbt_modul
  ADD PRIMARY KEY (modul_id),
  ADD UNIQUE KEY ak_module_name (modul_nama);

ALTER TABLE cbt_soal
  ADD PRIMARY KEY (soal_id),
  ADD KEY p_question_subject_id (soal_topik_id);

ALTER TABLE cbt_tes
  ADD PRIMARY KEY (tes_id),
  ADD UNIQUE KEY ak_test_name (tes_nama);

ALTER TABLE cbt_tesgrup
  ADD PRIMARY KEY (tstgrp_tes_id,tstgrp_grup_id),
  ADD KEY p_tstgrp_test_id (tstgrp_tes_id),
  ADD KEY p_tstgrp_group_id (tstgrp_grup_id);

ALTER TABLE cbt_tes_soal
  ADD PRIMARY KEY (tessoal_id),
  ADD UNIQUE KEY ak_testuser_question (tessoal_tesuser_id,tessoal_soal_id),
  ADD KEY p_testlog_question_id (tessoal_soal_id),
  ADD KEY p_testlog_testuser_id (tessoal_tesuser_id);

ALTER TABLE cbt_tes_soal_jawaban
  ADD PRIMARY KEY (soaljawaban_tessoal_id,soaljawaban_jawaban_id),
  ADD KEY p_logansw_answer_id (soaljawaban_jawaban_id),
  ADD KEY p_logansw_testlog_id (soaljawaban_tessoal_id);

ALTER TABLE cbt_tes_token
  ADD PRIMARY KEY (token_id),
  ADD KEY token_user_id (token_user_id);

ALTER TABLE cbt_tes_topik_set
  ADD PRIMARY KEY (tset_id),
  ADD KEY p_tsubset_test_id (tset_tes_id),
  ADD KEY tsubset_subject_id (tset_topik_id);

ALTER TABLE cbt_tes_user
  ADD PRIMARY KEY (tesuser_id),
  ADD UNIQUE KEY ak_testuser (tesuser_tes_id,tesuser_user_id,tesuser_status),
  ADD KEY p_testuser_user_id (tesuser_user_id),
  ADD KEY p_testuser_test_id (tesuser_tes_id);

ALTER TABLE cbt_topik
  ADD PRIMARY KEY (topik_id),
  ADD UNIQUE KEY ak_subject_name (topik_modul_id,topik_nama);

ALTER TABLE cbt_user
  ADD PRIMARY KEY (user_id),
  ADD UNIQUE KEY ak_user_name (user_name),
  ADD KEY user_groups_id (user_grup_id);

ALTER TABLE cbt_usergrup
  ADD PRIMARY KEY (user_id,grup_id);

ALTER TABLE cbt_user_grup
  ADD PRIMARY KEY (grup_id),
  ADD UNIQUE KEY group_name (grup_nama);

ALTER TABLE `user`
  ADD PRIMARY KEY (id),
  ADD UNIQUE KEY username (username),
  ADD KEY level (level);

ALTER TABLE user_akses
  ADD PRIMARY KEY (id),
  ADD KEY akses_kode_menu (kode_menu),
  ADD KEY akses_level (level);

ALTER TABLE user_level
  ADD PRIMARY KEY (id),
  ADD UNIQUE KEY level (level);

ALTER TABLE user_log
  ADD PRIMARY KEY (id);

ALTER TABLE user_menu
  ADD PRIMARY KEY (id),
  ADD UNIQUE KEY kode_menu (kode_menu);


ALTER TABLE cbt_jawaban
  MODIFY jawaban_id bigint(20) UNSIGNED NOT NULL AUTO_INCREMENT, AUTO_INCREMENT=2614;

ALTER TABLE cbt_konfigurasi
  MODIFY konfigurasi_id int(11) NOT NULL AUTO_INCREMENT, AUTO_INCREMENT=5;

ALTER TABLE cbt_modul
  MODIFY modul_id bigint(20) UNSIGNED NOT NULL AUTO_INCREMENT, AUTO_INCREMENT=3;

ALTER TABLE cbt_soal
  MODIFY soal_id bigint(20) UNSIGNED NOT NULL AUTO_INCREMENT, AUTO_INCREMENT=597;

ALTER TABLE cbt_tes
  MODIFY tes_id bigint(20) UNSIGNED NOT NULL AUTO_INCREMENT, AUTO_INCREMENT=57;

ALTER TABLE cbt_tes_soal
  MODIFY tessoal_id bigint(20) UNSIGNED NOT NULL AUTO_INCREMENT, AUTO_INCREMENT=1941;

ALTER TABLE cbt_tes_token
  MODIFY token_id int(11) NOT NULL AUTO_INCREMENT;

ALTER TABLE cbt_tes_topik_set
  MODIFY tset_id bigint(20) UNSIGNED NOT NULL AUTO_INCREMENT, AUTO_INCREMENT=69;

ALTER TABLE cbt_tes_user
  MODIFY tesuser_id bigint(20) UNSIGNED NOT NULL AUTO_INCREMENT, AUTO_INCREMENT=184;

ALTER TABLE cbt_topik
  MODIFY topik_id bigint(20) UNSIGNED NOT NULL AUTO_INCREMENT, AUTO_INCREMENT=26;

ALTER TABLE cbt_user
  MODIFY user_id bigint(20) UNSIGNED NOT NULL AUTO_INCREMENT, AUTO_INCREMENT=13;

ALTER TABLE cbt_user_grup
  MODIFY grup_id bigint(20) UNSIGNED NOT NULL AUTO_INCREMENT, AUTO_INCREMENT=10;

ALTER TABLE `user`
  MODIFY id int(11) NOT NULL AUTO_INCREMENT, AUTO_INCREMENT=4;

ALTER TABLE user_akses
  MODIFY id int(11) NOT NULL AUTO_INCREMENT, AUTO_INCREMENT=671;

ALTER TABLE user_level
  MODIFY id int(11) NOT NULL AUTO_INCREMENT, AUTO_INCREMENT=3;

ALTER TABLE user_log
  MODIFY id int(11) NOT NULL AUTO_INCREMENT;

ALTER TABLE user_menu
  MODIFY id int(11) NOT NULL AUTO_INCREMENT, AUTO_INCREMENT=29;


ALTER TABLE cbt_jawaban
  ADD CONSTRAINT cbt_jawaban_ibfk_1 FOREIGN KEY (jawaban_soal_id) REFERENCES cbt_soal (soal_id) ON DELETE CASCADE ON UPDATE NO ACTION;

ALTER TABLE cbt_soal
  ADD CONSTRAINT cbt_soal_ibfk_1 FOREIGN KEY (soal_topik_id) REFERENCES cbt_topik (topik_id) ON DELETE CASCADE ON UPDATE NO ACTION;

ALTER TABLE cbt_tesgrup
  ADD CONSTRAINT cbt_tesgrup_ibfk_1 FOREIGN KEY (tstgrp_tes_id) REFERENCES cbt_tes (tes_id) ON DELETE CASCADE ON UPDATE NO ACTION,
  ADD CONSTRAINT cbt_tesgrup_ibfk_2 FOREIGN KEY (tstgrp_grup_id) REFERENCES cbt_user_grup (grup_id) ON DELETE CASCADE ON UPDATE NO ACTION;

ALTER TABLE cbt_tes_soal
  ADD CONSTRAINT cbt_tes_soal_ibfk_1 FOREIGN KEY (tessoal_tesuser_id) REFERENCES cbt_tes_user (tesuser_id) ON DELETE CASCADE ON UPDATE NO ACTION,
  ADD CONSTRAINT cbt_tes_soal_ibfk_2 FOREIGN KEY (tessoal_soal_id) REFERENCES cbt_soal (soal_id) ON UPDATE NO ACTION;

ALTER TABLE cbt_tes_soal_jawaban
  ADD CONSTRAINT cbt_tes_soal_jawaban_ibfk_1 FOREIGN KEY (soaljawaban_tessoal_id) REFERENCES cbt_tes_soal (tessoal_id) ON DELETE CASCADE ON UPDATE NO ACTION,
  ADD CONSTRAINT cbt_tes_soal_jawaban_ibfk_2 FOREIGN KEY (soaljawaban_jawaban_id) REFERENCES cbt_jawaban (jawaban_id) ON UPDATE NO ACTION;

ALTER TABLE cbt_tes_token
  ADD CONSTRAINT cbt_tes_token_ibfk_1 FOREIGN KEY (token_user_id) REFERENCES `user` (id) ON DELETE CASCADE ON UPDATE CASCADE;

ALTER TABLE cbt_tes_topik_set
  ADD CONSTRAINT cbt_tes_topik_set_ibfk_1 FOREIGN KEY (tset_tes_id) REFERENCES cbt_tes (tes_id) ON DELETE CASCADE ON UPDATE NO ACTION,
  ADD CONSTRAINT cbt_tes_topik_set_ibfk_2 FOREIGN KEY (tset_topik_id) REFERENCES cbt_topik (topik_id) ON UPDATE NO ACTION;

ALTER TABLE cbt_tes_user
  ADD CONSTRAINT cbt_tes_user_ibfk_1 FOREIGN KEY (tesuser_tes_id) REFERENCES cbt_tes (tes_id) ON DELETE CASCADE,
  ADD CONSTRAINT cbt_tes_user_ibfk_2 FOREIGN KEY (tesuser_user_id) REFERENCES cbt_user (user_id) ON DELETE CASCADE ON UPDATE NO ACTION;

ALTER TABLE cbt_topik
  ADD CONSTRAINT cbt_topik_ibfk_1 FOREIGN KEY (topik_modul_id) REFERENCES cbt_modul (modul_id) ON DELETE CASCADE ON UPDATE NO ACTION;

ALTER TABLE cbt_user
  ADD CONSTRAINT cbt_user_ibfk_1 FOREIGN KEY (user_grup_id) REFERENCES cbt_user_grup (grup_id) ON DELETE CASCADE ON UPDATE NO ACTION;

ALTER TABLE `user`
  ADD CONSTRAINT user_ibfk_1 FOREIGN KEY (level) REFERENCES user_level (level) ON DELETE CASCADE ON UPDATE CASCADE;

ALTER TABLE user_akses
  ADD CONSTRAINT user_akses_ibfk_2 FOREIGN KEY (kode_menu) REFERENCES user_menu (kode_menu) ON DELETE CASCADE ON UPDATE CASCADE,
  ADD CONSTRAINT user_akses_ibfk_3 FOREIGN KEY (level) REFERENCES user_level (level) ON DELETE CASCADE ON UPDATE CASCADE;
SET FOREIGN_KEY_CHECKS=1;
COMMIT;

/*!40101 SET CHARACTER_SET_CLIENT=@OLD_CHARACTER_SET_CLIENT */;
/*!40101 SET CHARACTER_SET_RESULTS=@OLD_CHARACTER_SET_RESULTS */;
/*!40101 SET COLLATION_CONNECTION=@OLD_COLLATION_CONNECTION */;
